,no,province_id,province,district_id,district,Registration Date,2010 ,2011 ,2012 ,2013 ,2014 ,2015 ,2016 ,2017 ,2018 ,2019 ,2020 ,2021 ,2022 ,2023 
,1,11,Aceh,1101,Simeulue,,60.60 ,61.03 ,61.25 ,61.68 ,62.18 ,63.16 ,63.82 ,64.41 ,64.74,65.7,66.03,66.41,67.27,68.06
,2,11,Aceh,1102,Aceh Singkil,,62.36 ,63.13 ,64.23 ,64.87 ,65.27 ,66.05 ,66.96 ,67.37 ,68.02,68.91,68.94,69.22,69.62,70.14
,3,11,Aceh,1103,South Aceh,,61.22 ,61.52 ,61.69 ,62.27 ,62.35 ,63.28 ,64.13 ,65.03 ,65.92,66.9,67.12,67.44,67.87,68.44
,4,11,Aceh,1104,South East Aceh ,,63.82 ,64.27 ,64.99 ,65.55 ,65.90 ,66.77 ,67.48 ,68.09 ,68.67,69.36,69.37,69.44,70.32,71.05
,5,11,Aceh,1105,East Aceh ,,61.75 ,62.35 ,62.93 ,63.27 ,63.57 ,64.55 ,65.42 ,66.32 ,66.82,67.39,67.63,67.83,68.72,69.32
,6,11,Aceh,1106,Central Aceh,40296,69.17 ,70.00 ,70.18 ,70.51 ,70.96 ,71.51 ,72.04 ,72.19 ,72.64,73.14,73.24,73.37,73.95,74.6
,7,11,Aceh,1107,West Aceh,,66.05 ,66.47 ,66.66 ,66.86 ,67.31 ,68.41 ,69.26 ,70.20 ,70.47,71.22,71.38,71.67,72.34,72.88
,8,11,Aceh,1108,Aceh Besar,,69.76 ,69.94 ,70.10 ,70.61 ,71.06 ,71.70 ,71.75 ,72.00 ,72.73,73.55,73.56,73.58,74,74.53
,9,11,Aceh,1109,Pidie,,66.75 ,66.95 ,67.30 ,67.59 ,67.87 ,68.68 ,69.06 ,69.52 ,69.93,70.41,70.63,70.7,71.2,71.66
,10,11,Aceh,1110,Bireuen,,66.42 ,67.03 ,67.57 ,68.23 ,68.71 ,69.77 ,70.21 ,71.11 ,71.37,72.27,72.28,72.33,73.16,73.63
,11,11,Aceh,1111,North Aceh,,63.56 ,64.22 ,64.82 ,65.36 ,65.93 ,66.85 ,67.19 ,67.67 ,68.36,69.22,69.33,69.46,70.22,70.87
,12,11,Aceh,1112,North-West Aceh,,60.91 ,61.75 ,62.15 ,62.62 ,63.08 ,63.77 ,64.57 ,65.09 ,65.67,66.56,66.75,66.99,67.41,68.07
,13,11,Aceh,1113,Gayo Lues,0,60.93 ,61.91 ,62.85 ,63.22 ,63.34 ,63.67 ,64.26 ,65.01 ,65.88,66.87,67.22,67.56,68.25,68.93
,14,11,Aceh,1114,Aceh Tamiang,,64.67 ,64.89 ,65.21 ,65.56 ,66.09 ,67.03 ,67.41 ,67.99 ,68.45,69.23,69.24,69.48,70.43,71.35
,15,11,Aceh,1115,Nagan Raya,,63.57 ,64.24 ,64.91 ,65.23 ,65.58 ,66.73 ,67.32 ,67.78 ,68.15,69.11,69.18,69.31,70.1,70.78
,16,11,Aceh,1116,Aceh Jaya,,64.75 ,65.17 ,66.42 ,66.92 ,67.30 ,67.53 ,67.70 ,68.07 ,68.83,69.74,69.75,69.84,70.36,70.88
,17,11,Aceh,1117,Bener Meriah,0,67.29 ,68.24 ,69.14 ,69.74 ,70.00 ,70.62 ,71.42 ,71.89 ,72.14,72.97,72.98,73.27,73.9,74.49
,18,11,Aceh,1118,Pidie Jaya,,68.38 ,68.69 ,68.90 ,69.26 ,69.89 ,70.49 ,71.13 ,71.73 ,72.12,72.87,73.2,73.6,74.34,74.8
,19,11,Aceh,1171,Banda Aceh City,,80.36 ,80.87 ,81.30 ,81.84 ,82.22 ,83.25 ,83.73 ,83.95 ,84.37,85.07,85.41,85.71,86.28,86.69
,20,11,Aceh,1172,Sabang City,,69.70 ,70.15 ,70.84 ,71.07 ,71.50 ,72.51 ,73.36 ,74.10 ,74.82,75.77,75.78,76.11,76.85,77.52
,21,11,Aceh,1173,Langsa City,,71.79 ,72.15 ,72.75 ,73.40 ,73.81 ,74.74 ,75.41 ,75.89 ,76.34,77.16,77.17,77.44,77.82,78.36
,22,11,Aceh,1174,Lhokseumawe City,,71.55 ,72.35 ,73.55 ,74.13 ,74.44 ,75.11 ,75.78 ,76.34 ,76.62,77.3,77.31,77.57,78.04,78.92
,23,11,Aceh,1175,Subulussalam City,,58.97 ,59.34 ,59.76 ,60.11 ,60.39 ,61.32 ,62.18 ,62.88 ,63.48,64.46,64.93,65.27,66.2,67.1
,24,12,North Sumatera,1201,Nias,,54.72 ,55.55 ,56.50 ,57.43 ,57.98 ,58.85 ,59.75 ,60.21 ,60.82,61.65,61.93,62.74,63.69,64.56
,25,12,North Sumatera,1202,Mandailing Natal,42622,60.76 ,61.60 ,62.26 ,62.91 ,63.42 ,63.99 ,64.55 ,65.13 ,65.83,66.52,66.79,67.19,68.05,68.56
,26,12,North Sumatera,1203,South Tapanuli,43294,64.20 ,65.14 ,65.95 ,66.75 ,67.22 ,67.63 ,68.04 ,68.69 ,69.1,69.75,70.12,70.33,70.92,71.55
,27,12,North Sumatera,1204,Central Tapanuli ,,64.39 ,65.16 ,65.43 ,65.64 ,66.16 ,67.06 ,67.27 ,67.96 ,68.27,68.86,69.23,69.61,70.31,70.91
,28,12,North Sumatera,1205,North Tapanuli ,,68.43 ,69.24 ,69.83 ,70.50 ,70.70 ,71.32 ,71.96 ,72.38 ,72.91,73.33,73.47,73.76,74.14,74.65
,29,12,North Sumatera,1206,Toba Samosir,,70.90 ,71.39 ,71.89 ,72.36 ,72.79 ,73.40 ,73.61 ,73.87 ,74.48,74.92,75.16,75.39,75.96,76.38
,30,12,North Sumatera,1207,Labuhan Batu,,66.88 ,67.88 ,68.64 ,69.45 ,70.06 ,70.23 ,70.50 ,71.00 ,71.39,71.94,72.01,72.09,72.92,73.69
,31,12,North Sumatera,1208,Asahan,,65.06 ,65.87 ,66.23 ,66.58 ,67.51 ,68.40 ,68.71 ,69.10 ,69.49,69.92,70.29,70.49,71.13,71.56
,32,12,North Sumatera,1209,Simalungun,42055,68.80 ,69.03 ,69.79 ,70.28 ,70.89 ,71.24 ,71.48 ,71.83 ,72.49,72.98,73.25,73.4,73.77,74.29
,33,12,North Sumatera,1210,Dairi,43664,65.91 ,66.62 ,66.95 ,67.15 ,67.91 ,69.00 ,69.61 ,70.36 ,70.89,71.42,71.57,71.84,72.56,73.27
,34,12,North Sumatera,1211,Karo,43700,70.36 ,71.12 ,71.40 ,71.62 ,71.84 ,72.69 ,73.29 ,73.53 ,73.91,74.25,74.43,74.83,75.36,75.98
,35,12,North Sumatera,1212,Deli Serdang,,70.06 ,70.25 ,70.88 ,71.39 ,71.98 ,72.79 ,73.51 ,73.94 ,74.92,75.43,75.44,75.53,76.19,76.52
,36,12,North Sumatera,1213,Langkat,,64.57 ,65.77 ,66.18 ,67.17 ,68.00 ,68.53 ,69.13 ,69.82 ,70.27,70.76,71,71.35,71.86,72.21
,37,12,North Sumatera,1214,Nias Selatan,,54.54 ,55.50 ,55.97 ,56.78 ,57.78 ,58.74 ,59.14 ,59.85 ,60.75,61.59,61.89,62.35,63.17,64.12
,38,12,North Sumatera,1215,Humbang Hasundutan,43090,63.40 ,64.06 ,64.54 ,64.92 ,65.59 ,66.03 ,66.56 ,67.30 ,67.96,68.83,68.87,69.41,70.32,70.75
,39,12,North Sumatera,1216,Pakpak Bharat,,61.76 ,63.11 ,63.88 ,64.73 ,65.06 ,65.53 ,65.81 ,66.25 ,66.63,67.47,67.59,67.94,68.85,69.58
,40,12,North Sumatera,1217,Samosir,43294,65.14 ,65.81 ,66.31 ,66.80 ,67.80 ,68.43 ,68.82 ,69.43 ,69.99,70.55,70.63,70.83,71.67,72.08
,41,12,North Sumatera,1218,Serdang Bedagai,,64.67 ,65.28 ,66.14 ,67.11 ,67.78 ,68.01 ,68.77 ,69.16 ,69.69,70.21,70.24,70.56,71.21,71.75
,42,12,North Sumatera,1219,Batu Bara,,63.45 ,63.95 ,64.45 ,65.06 ,65.50 ,66.02 ,66.69 ,67.20 ,67.67,68.35,68.36,68.58,69.51,70.31
,43,12,North Sumatera,1220,North Padang Lawas,,64.25 ,65.22 ,65.65 ,66.13 ,66.50 ,67.35 ,68.05 ,68.34 ,68.77,69.29,69.85,70.11,70.93,71.63
,44,12,North Sumatera,1221,Padang Lawas,,62.45 ,63.28 ,64.05 ,64.62 ,65.50 ,65.99 ,66.23 ,66.82 ,67.59,68.16,68.25,68.64,69.58,70.34
,45,12,North Sumatera,1222,South Labuhan Batu,,65.32 ,65.77 ,67.06 ,67.78 ,68.59 ,69.67 ,70.28 ,70.48 ,70.98,71.39,71.4,71.69,72.16,72.82
,46,12,North Sumatera,1223,North Labuhan Batu,,66.72 ,67.37 ,67.84 ,68.28 ,69.15 ,69.69 ,70.26 ,70.79 ,71.08,71.43,71.61,71.87,72.77,73.63
,47,12,North Sumatera,1224,North Nias ,,-,57.53 ,57.87 ,58.29 ,59.18 ,59.88 ,60.23 ,60.57 ,61.08,61.98,62.36,62.82,63.75,64.64
,48,12,North Sumatera,1225,West Nias,,-,55.43 ,56.20 ,56.58 ,57.54 ,58.25 ,59.03 ,59.56 ,60.42,61.14,61.51,61.99,62.93,63.7
,49,12,North Sumatera,1271,Sibolga City,,68.37 ,69.17 ,69.71 ,70.45 ,71.01 ,71.64 ,72.00 ,72.28 ,72.65,73.41,73.63,73.94,74.74,75.2
,50,12,North Sumatera,1272,Tanjung Balai City,,63.47 ,64.13 ,64.89 ,65.40 ,66.05 ,66.74 ,67.09 ,67.41 ,68,68.51,68.65,68.94,69.86,70.59
,51,12,North Sumatera,1273,Pematang Siantar City,,72.52 ,73.61 ,74.51 ,75.05 ,75.83 ,76.34 ,76.90 ,77.54 ,77.88,78.57,78.75,79.17,79.7,80.46
,52,12,North Sumatera,1274,Tebing Tinggi City,,69.96 ,70.84 ,71.34 ,71.85 ,72.13 ,72.81 ,73.58 ,73.90 ,74.5,75.08,75.17,75.42,76.17,76.98
,53,12,North Sumatera,1275,Medan City,,77.02 ,77.54 ,77.78 ,78.00 ,78.26 ,78.87 ,79.34 ,79.98 ,80.65,80.97,80.98,81.21,81.76,82.19
,54,12,North Sumatera,1276,Binjai City,,70.54 ,70.85 ,71.54 ,72.02 ,72.55 ,73.81 ,74.11 ,74.65 ,75.21,75.89,75.89,76.01,76.95,77.6
,55,12,North Sumatera,1277,Padangsidimpuan City,,70.23 ,71.08 ,71.38 ,71.68 ,71.88 ,72.80 ,73.42 ,73.81 ,74.38,75.06,75.22,75.48,76.05,76.44
,56,12,North Sumatera,1278,Gunungsitoli City,,-,63.71 ,64.34 ,65.25 ,65.91 ,66.41 ,66.85 ,67.68 ,68.33,69.3,69.31,69.61,70.23,70.68
,57,13,West Sumatera,1301,Mentawai Islands,,55.66 ,55.90 ,56.10 ,56.33 ,56.73 ,57.41 ,58.27 ,59.25 ,60.28,61.26,61.09,61.35,62.19,63.13
,58,13,West Sumatera,1302,Pesisir Selatan,,65.09 ,65.80 ,66.49 ,67.31 ,67.75 ,68.07 ,68.39 ,68.74 ,69.4,70.08,69.9,70.03,70.84,71.44
,59,13,West Sumatera,1303,Solok,,64.53 ,65.28 ,65.62 ,66.15 ,66.44 ,67.12 ,67.67 ,67.86 ,68.6,69.08,69.08,69.24,70.02,70.63
,60,13,West Sumatera,1304,Sijunjung,,62.51 ,62.92 ,63.70 ,64.48 ,64.95 ,65.30 ,66.01 ,66.60 ,66.97,67.66,67.74,67.86,68.69,69.65
,61,13,West Sumatera,1305,Tanah Datar,,66.47 ,66.92 ,67.29 ,68.12 ,68.51 ,69.49 ,70.11 ,70.37 ,71.25,72.14,72.33,72.46,73.29,73.98
,62,13,West Sumatera,1306,Padang Pariaman,,65.16 ,65.89 ,66.20 ,67.15 ,67.56 ,68.04 ,68.44 ,68.90 ,69.71,70.59,70.61,70.76,71.63,72.61
,63,13,West Sumatera,1307,Agam,,66.12 ,66.94 ,67.95 ,68.73 ,69.32 ,69.84 ,70.36 ,71.10 ,71.7,72.37,72.46,72.57,73.29,73.98
,64,13,West Sumatera,1308,Lima Puluh Kota,,64.64 ,65.20 ,65.87 ,66.30 ,66.78 ,67.65 ,68.37 ,68.69 ,69.17,69.67,69.47,69.68,70.28,70.7
,65,13,West Sumatera,1309,Pasaman,,60.88 ,61.57 ,62.26 ,62.91 ,63.33 ,64.01 ,64.57 ,64.94 ,65.6,66.46,66.64,66.77,67.41,68.13
,66,13,West Sumatera,1310,Solok Selatan,,64.51 ,64.81 ,65.12 ,65.86 ,66.29 ,67.09 ,67.47 ,67.81 ,68.45,68.94,69.04,69.23,69.71,70.58
,67,13,West Sumatera,1311,Dharmasraya,,66.56 ,67.40 ,67.76 ,68.71 ,69.27 ,69.84 ,70.25 ,70.40 ,70.86,71.52,71.51,71.76,72.3,73.04
,68,13,West Sumatera,1312,Pasaman Barat,,61.77 ,62.55 ,63.33 ,63.92 ,64.56 ,65.26 ,66.03 ,66.83 ,67.43,68.21,68.49,68.76,69.57,70.19
,69,13,West Sumatera,1371,Padang City,,78.44 ,78.68 ,79.00 ,79.23 ,79.83 ,80.36 ,81.06 ,81.58 ,82.25,82.68,82.82,82.9,83.29,83.58
,70,13,West Sumatera,1372,Solok City,,74.38 ,74.68 ,75.02 ,75.54 ,76.20 ,76.83 ,77.07 ,77.44 ,77.89,78.38,78.29,78.41,79.23,79.58
,71,13,West Sumatera,1373,Sawah Lunto City,,67.55 ,67.97 ,68.59 ,69.07 ,69.61 ,69.87 ,70.67 ,71.13 ,71.72,72.39,72.64,72.88,73.73,74.42
,72,13,West Sumatera,1374,Padang Panjang City,,73.27 ,73.76 ,74.22 ,74.54 ,75.05 ,75.98 ,76.50 ,77.01 ,77.3,78,77.93,77.97,78.78,79.26
,73,13,West Sumatera,1375,Bukittinggi City,,76.12 ,76.30 ,76.92 ,77.67 ,78.02 ,78.72 ,79.11 ,79.80 ,80.11,80.71,80.58,80.7,81.42,81.78
,74,13,West Sumatera,1376,Payakumbuh City,,74.89 ,75.39 ,75.89 ,76.34 ,76.49 ,77.42 ,77.56 ,77.91 ,78.23,78.95,78.9,79.08,79.53,79.97
,75,13,West Sumatera,1377,Pariaman City,,72.56 ,73.07 ,73.47 ,74.51 ,74.66 ,74.98 ,75.44 ,75.71 ,76.26,76.7,76.9,77.07,77.65,78.13
,76,14,Riau,1401,Kuantan Singingi,,65.07 ,65.72 ,66.31 ,66.65 ,67.47 ,68.32 ,68.66 ,69.53 ,69.96,70.78,70.31,70.6,71.09,71.67
,77,14,Riau,1402,Indragiri Hulu,,65.10 ,65.93 ,66.50 ,66.68 ,67.11 ,68.00 ,68.67 ,68.97 ,69.66,70.05,69.83,70.01,70.46,71.04
,78,14,Riau,1403,Indragiri Hilir,,61.98 ,62.82 ,63.04 ,63.44 ,63.80 ,64.80 ,65.35 ,66.17 ,66.51,66.84,66.54,66.63,67.37,67.98
,79,14,Riau,1404,Pelalawan,,65.95 ,66.58 ,67.25 ,68.29 ,68.67 ,69.82 ,70.21 ,70.59 ,71.44,71.85,71.56,72.08,72.93,73.59
,80,14,Riau,1405,Siak,,69.78 ,70.20 ,70.45 ,70.84 ,71.45 ,72.17 ,72.70 ,73.18 ,73.73,74.07,73.68,73.98,74.5,74.98
,81,14,Riau,1406,Kampar,,68.62 ,69.64 ,70.08 ,70.46 ,70.72 ,71.28 ,71.39 ,72.19 ,72.5,73.15,72.83,73.02,73.84,74.24
,82,14,Riau,1407,Rokan Hulu,,63.59 ,64.20 ,64.99 ,66.07 ,67.02 ,67.29 ,67.86 ,68.67 ,69.36,69.93,69.38,69.67,70.31,71.02
,83,14,Riau,1408,Bengkalis,,69.29 ,69.72 ,70.26 ,70.60 ,70.84 ,71.29 ,71.98 ,72.27 ,72.94,73.44,73.46,73.58,74.38,74.97
,84,14,Riau,1409,Rokan Hilir,,64.13 ,64.76 ,65.09 ,65.46 ,66.22 ,66.81 ,67.52 ,67.84 ,68.73,69.4,69.15,69.34,70.1,70.78
,85,14,Riau,1410,Meranti Islands,42492,59.71 ,60.38 ,61.49 ,62.53 ,62.91 ,63.25 ,63.90 ,64.70 ,65.23,65.93,65.5,65.7,66.52,67.28
,86,14,Riau,1471,Pekanbaru City,,77.34 ,77.71 ,77.94 ,78.16 ,78.42 ,79.32 ,79.69 ,79.97 ,80.66,81.35,81.32,81.58,82.06,82.38
,87,14,Riau,1473,Dumai City,,69.55 ,70.43 ,71.07 ,71.59 ,71.86 ,72.20 ,72.96 ,73.46 ,74.06,74.64,74.4,74.75,75.26,75.66
,88,15,Riau,1501,Kerinci,42842,65.16 ,65.85 ,66.71 ,67.49 ,67.96 ,68.89 ,69.68 ,70.03 ,70.59,70.95,71.21,71.45,71.99,72.54
,89,15,Riau,1502,Merangin,,63.85 ,64.40 ,65.31 ,65.82 ,66.21 ,67.15 ,67.86 ,68.30 ,68.81,69.07,69.19,69.53,69.98,70.81
,90,15,Riau,1503,Sarolangun,,64.64 ,65.20 ,66.16 ,67.13 ,67.67 ,68.10 ,68.73 ,69.03 ,69.41,69.72,69.86,70.25,70.89,71.29
,91,15,Riau,1504,Batang Hari,,65.67 ,66.32 ,66.97 ,67.24 ,67.68 ,68.05 ,68.70 ,68.92 ,69.33,69.67,69.84,70.11,70.51,71.02
,92,15,Riau,1505,Muaro Jambi,,62.84 ,63.39 ,64.17 ,65.14 ,65.71 ,66.66 ,67.55 ,67.86 ,68.34,69.01,69.18,69.55,70.18,71.04
,93,15,Riau,1506,Tanjung Jabung Timur,,57.21 ,57.77 ,58.63 ,59.41 ,59.88 ,61.12 ,61.88 ,62.61 ,63.32,63.92,64.43,64.91,65.77,66.65
,94,15,Riau,1507,Tanjung Jabung Barat,42208,61.49 ,61.98 ,62.86 ,63.54 ,64.04 ,65.03 ,65.91 ,66.15 ,67.13,67.54,67.54,68.16,68.79,69.35
,95,15,Riau,1508,Tebo,,63.62 ,64.45 ,65.23 ,65.91 ,66.63 ,67.29 ,68.05 ,68.16 ,68.67,69.02,69.14,69.35,69.78,70.63
,96,15,Riau,1509,Bungo,,66.28 ,66.70 ,67.20 ,67.54 ,67.93 ,68.34 ,68.77 ,69.04 ,69.42,69.86,69.92,70.15,70.55,71.06
,97,15,Riau,1571,Jambi City,,72.23 ,72.96 ,73.78 ,74.21 ,74.86 ,75.58 ,76.14 ,76.74 ,77.41,78.26,78.37,79.12,79.58,80.15
,98,15,Riau,1572,Sungai Penuh City,,69.91 ,70.55 ,71.23 ,72.09 ,72.48 ,73.03 ,73.35 ,73.75 ,74.67,75.36,75.42,75.7,76.17,76.65
,99,16,South Sumatera,1601,Ogan Komering Ulu,,64.13 ,64.62 ,65.09 ,65.51 ,66.21 ,67.18 ,67.47 ,68.28 ,69.01,69.45,69.32,69.6,70.24,71.01
,100,16,South Sumatera,1602,Ogan Komering Ilir,,61.04 ,61.68 ,62.29 ,63.52 ,63.87 ,64.73 ,65.44 ,66.11 ,66.57,66.96,66.82,67.17,68.02,68.65
,101,16,South Sumatera,1603,Muara Enim,42328,62.12 ,62.82 ,63.34 ,64.34 ,65.02 ,65.82 ,66.71 ,67.63 ,68.28,68.88,68.74,68.86,69.43,70.24
,102,16,South Sumatera,1604,Lahat,,62.31 ,62.93 ,63.66 ,64.15 ,64.52 ,65.25 ,65.75 ,66.38 ,66.99,67.62,67.44,67.58,68.4,69.1
,103,16,South Sumatera,1605,Musi Rawas,,59.69 ,60.63 ,61.37 ,62.23 ,63.19 ,64.11 ,64.75 ,65.31 ,66.18,66.92,66.79,67.01,67.78,68.26
,104,16,South Sumatera,1606,Musi Banyuasin,,61.79 ,62.56 ,63.27 ,64.18 ,64.93 ,65.76 ,66.45 ,66.96 ,67.57,67.83,67.69,68.1,68.6,69.17
,105,16,South Sumatera,1607,Banyuasin,,60.31 ,61.04 ,61.69 ,62.42 ,63.21 ,64.15 ,65.01 ,65.85 ,66.4,66.9,66.74,67.13,67.93,68.65
,106,16,South Sumatera,1608,Ogan Komering Ulu Selatan,,58.88 ,59.74 ,60.63 ,61.58 ,61.94 ,62.57 ,63.42 ,63.96 ,64.84,65.43,65.3,65.34,65.87,66.67
,107,16,South Sumatera,1609,Ogan Komering Ulu Timur,,63.36 ,64.27 ,65.18 ,66.09 ,66.74 ,67.17 ,67.38 ,67.84 ,68.58,69.34,69.28,69.58,70.23,70.96
,108,16,South Sumatera,1610,Ogan Ilir,,61.62 ,62.47 ,63.03 ,63.64 ,64.49 ,65.35 ,65.45 ,65.63 ,66.43,67.22,67.06,67.17,67.96,68.76
,109,16,South Sumatera,1611,Empat Lawang,42776,61.11 ,61.86 ,62.30 ,62.74 ,63.17 ,63.55 ,64.00 ,64.21 ,64.81,65.1,65.25,65.39,66,66.68
,110,16,South Sumatera,1612,Penukal Abab Lematang Ilir,,-,-,-,59.69 ,59.89 ,60.83 ,61.66 ,62.58 ,63.49,64.33,64.7,64.88,65.75,66.64
,111,16,South Sumatera,1613,Musi Rawas Utara,,-,-,-,60.56 ,61.34 ,62.32 ,63.05 ,63.18 ,63.75,64.32,64.49,64.93,65.74,66.6
,112,16,South Sumatera,1671,Palembang City,,73.33 ,74.08 ,74.74 ,75.49 ,76.02 ,76.29 ,76.59 ,77.22 ,77.89,78.44,78.33,78.72,79.47,80.02
,113,16,South Sumatera,1672,Prabumulih City,,69.39 ,70.32 ,70.95 ,71.87 ,72.20 ,73.19 ,73.38 ,73.58 ,74.04,74.4,74.55,74.67,75.52,76.46
,114,16,South Sumatera,1673,Pagar Alam City,,61.97 ,62.71 ,63.33 ,64.14 ,64.75 ,65.37 ,65.96 ,66.81 ,67.62,68.44,68.31,68.68,69.6,70.45
,115,16,South Sumatera,1674,Lubuklinggau City,,70.72 ,71.62 ,72.04 ,72.55 ,72.84 ,73.17 ,73.57 ,73.67 ,74.09,74.81,74.78,74.89,75.53,76.19
,116,17,Bengkulu,1701,Bengkulu Selatan ,,65.84 ,66.50 ,66.77 ,67.61 ,68.28 ,68.57 ,68.71 ,69.04 ,69.85,70.27,70.63,70.75,71.42,71.91
,117,17,Bengkulu,1702,Rejang Lebong,43734,64.19 ,64.92 ,65.51 ,66.11 ,66.55 ,67.51 ,68.34 ,68.61 ,69.4,70.1,70.44,70.77,71.45,72.31
,118,17,Bengkulu,1703,Bengkulu Utara,,63.50 ,64.61 ,65.47 ,66.67 ,67.27 ,67.46 ,67.63 ,67.80 ,68.36,68.8,68.82,69.28,69.77,70.28
,119,17,Bengkulu,1704,Kaur,,61.39 ,61.85 ,62.32 ,63.17 ,63.75 ,64.47 ,64.95 ,65.28 ,66.2,66.78,66.99,67.17,67.77,68.38
,120,17,Bengkulu,1705,Seluma,,60.27 ,61.01 ,61.55 ,62.10 ,62.94 ,63.41 ,64.04 ,65.00 ,65.99,66.69,66.89,67.03,67.76,68.27
,121,17,Bengkulu,1706,Mukomuko,,62.95 ,63.71 ,64.16 ,64.79 ,65.31 ,65.77 ,66.52 ,67.07 ,67.47,68.12,68.45,68.64,69.12,69.97
,122,17,Bengkulu,1707,Lebong,,61.87 ,62.43 ,62.84 ,63.15 ,63.90 ,64.72 ,65.58 ,65.87 ,66.28,66.84,67.01,67.46,68.12,68.71
,123,17,Bengkulu,1708,Kepahiang,43390,62.60 ,63.44 ,63.86 ,64.44 ,65.22 ,65.45 ,66.35 ,66.60 ,67.14,67.67,68.17,68.62,69.09,69.6
,124,17,Bengkulu,1709,Bengkulu Tengah,,61.70 ,62.54 ,63.12 ,63.71 ,64.10 ,64.68 ,65.44 ,65.80 ,66.65,67.3,67.61,67.96,68.47,68.99
,125,17,Bengkulu,1771,Bengkulu City,,74.92 ,75.31 ,75.71 ,76.16 ,76.49 ,77.16 ,77.94 ,78.82 ,79.67,80.35,80.36,80.54,80.99,81.45
,126,18,Lampung,1801,West Lampung,41772,60.93 ,61.92 ,62.51 ,63.21 ,63.54 ,64.54 ,65.45 ,66.06 ,66.74,67.5,67.8,67.9,68.39,69.11
,127,18,Lampung,1802,Tanggamus,0,60.09 ,60.63 ,61.14 ,61.89 ,62.67 ,63.66 ,64.41 ,64.94 ,65.67,66.37,66.42,66.65,67.22,67.86
,128,18,Lampung,1803,South Lampung,,61.07 ,61.95 ,62.68 ,63.35 ,63.75 ,65.22 ,66.19 ,66.95 ,67.68,68.22,68.36,68.49,69,69.63
,129,18,Lampung,1804,East Lampung ,,63.23 ,64.10 ,65.10 ,66.07 ,66.42 ,67.10 ,67.88 ,68.05 ,69.04,69.34,69.37,69.66,70.58,71.21
,130,18,Lampung,1805,Central Lampung ,,64.14 ,64.71 ,65.60 ,66.57 ,67.07 ,67.61 ,68.33 ,68.95 ,69.73,70.04,70.16,70.23,70.8,71.6
,131,18,Lampung,1806,North Lampung,,61.82 ,62.67 ,62.93 ,64.00 ,64.89 ,65.20 ,65.95 ,66.58 ,67.17,67.63,67.67,67.89,68.33,68.95
,132,18,Lampung,1807,Way Kanan,0,61.27 ,62.04 ,62.79 ,63.92 ,64.32 ,65.18 ,65.74 ,65.97 ,66.63,67.19,67.44,67.57,68.04,68.63
,133,18,Lampung,1808,Tulangbawang,,63.21 ,63.67 ,64.11 ,64.91 ,65.83 ,66.08 ,66.74 ,67.07 ,67.7,68.23,68.52,68.73,69.53,70.02
,134,18,Lampung,1809,Pesawaran,,58.64 ,59.44 ,59.98 ,60.94 ,61.70 ,62.70 ,63.47 ,64.43 ,64.97,65.75,65.79,66.14,66.7,67.67
,135,18,Lampung,1810,Pringsewu,,-,64.86 ,65.37 ,66.14 ,66.58 ,67.55 ,68.26 ,68.61 ,69.42,69.97,70.3,70.45,70.98,71.61
,136,18,Lampung,1811,Mesuji,,-,57.32 ,57.67 ,58.16 ,58.71 ,59.79 ,60.72 ,61.87 ,62.88,63.52,63.63,64.04,64.94,65.64
,137,18,Lampung,1812,Tulang Bawang Barat,,-,60.13 ,60.77 ,61.46 ,62.46 ,63.01 ,63.77 ,64.58 ,65.3,65.93,65.97,66.22,67.13,67.81
,138,18,Lampung,1813,Pesisir Barat,,-,-,-,58.95 ,59.76 ,60.55 ,61.50 ,62.20 ,62.96,63.79,63.91,64.3,65.14,66
,139,18,Lampung,1871,Bandar Lampung City,,71.11 ,72.04 ,72.88 ,73.93 ,74.34 ,74.81 ,75.34 ,75.98 ,76.63,77.33,77.44,77.58,78.01,78.56
,140,18,Lampung,1872,Metro City,,71.37 ,72.23 ,72.86 ,74.27 ,74.98 ,75.10 ,75.45 ,75.87 ,76.22,76.77,77.19,77.49,77.89,78.36
,141,19,Bangka Belitung Islands,1901,Bangka,,66.41 ,67.37 ,67.99 ,69.34 ,69.79 ,70.03 ,70.43 ,71.09 ,71.8,72.39,72.4,72.46,72.95,73.66
,142,19,Bangka Belitung Islands,1902,Belitung,,66.79 ,67.17 ,67.87 ,69.27 ,69.56 ,70.29 ,70.81 ,70.93 ,71.7,72.46,72.51,72.57,73.38,74.02
,143,19,Bangka Belitung Islands,1903,Bangka Barat,,63.16 ,64.00 ,64.92 ,65.85 ,66.43 ,67.23 ,67.60 ,67.94 ,68.68,69.05,69.08,69.6,70.12,70.45
,144,19,Bangka Belitung Islands,1904,Bangka Tengah,,65.10 ,66.09 ,66.88 ,67.67 ,68.09 ,68.66 ,68.76 ,68.99 ,69.52,70.33,70.45,70.89,71.4,71.71
,145,19,Bangka Belitung Islands,1905,Bangka Selatan,,59.98 ,60.53 ,61.17 ,62.96 ,63.54 ,63.89 ,64.57 ,65.02 ,65.98,66.54,66.9,67.06,67.95,68.51
,146,19,Bangka Belitung Islands,1906,Belitung Timur,,64.99 ,65.86 ,66.59 ,67.71 ,68.10 ,68.83 ,69.30 ,69.57 ,70.22,70.84,70.92,71.42,72.29,72.86
,147,19,Bangka Belitung Islands,1971,Pangkal Pinang City ,,74.68 ,75.02 ,75.69 ,76.14 ,76.28 ,76.61 ,76.73 ,76.86 ,77.43,77.97,78.22,78.57,79.24,79.93
,148,21,Riau Islands,2101,Karimun,,66.40 ,66.82 ,67.67 ,68.52 ,68.72 ,69.21 ,69.84 ,70.26 ,70.56,71.1,71.44,71.7,72.65,73.51
,149,21,Riau Islands,2102,Bintan,,69.87 ,70.47 ,71.01 ,71.31 ,71.65 ,71.92 ,72.38 ,72.91 ,73.41,73.98,74.13,74.57,74.99,75.7
,150,21,Riau Islands,2103,Natuna,,66.29 ,67.76 ,68.80 ,69.39 ,70.06 ,70.87 ,71.23 ,71.52 ,72.1,72.63,72.72,73.09,73.47,74.21
,151,21,Riau Islands,2104,Lingga,,57.36 ,58.51 ,59.38 ,60.13 ,60.75 ,61.28 ,62.44 ,63.45 ,64.06,64.98,65.29,65.83,66.57,67.44
,152,21,Riau Islands,2105,Kepulauan Anambas,,63.03 ,63.71 ,64.32 ,64.86 ,65.12 ,65.86 ,66.30 ,67.06 ,67.53,68.48,68.8,69.23,69.61,70.26
,153,21,Riau Islands,2171,Batam City,,76.98 ,77.82 ,78.39 ,78.65 ,79.13 ,79.34 ,79.79 ,80.26 ,80.54,81.09,81.11,81.12,81.67,82.11
,154,21,Riau Islands,2172,Tanjung Pinang City,,73.76 ,74.86 ,75.91 ,76.70 ,77.29 ,77.57 ,77.77 ,78.00 ,78.33,78.73,78.91,78.93,79.64,80.23
,155,31,Jakarta Special Region,3101,Kepulauan Seribu,,64.96 ,65.79 ,66.92 ,67.62 ,68.48 ,68.84 ,69.52 ,70.11 ,70.91,71.4,71.63,72.1,72.79,73.39
,156,31,Jakarta Special Region,3171,South Jakarta City,,80.26 ,81.22 ,81.72 ,82.72 ,82.94 ,83.37 ,83.94 ,84.13 ,84.44,84.75,84.72,84.9,85.21,86.07
,157,31,Jakarta Special Region,3172,East Jakarta City,,78.06 ,78.82 ,79.52 ,79.88 ,80.40 ,80.73 ,81.28 ,81.61 ,82.06,82.69,82.66,82.97,83.45,84.13
,158,31,Jakarta Special Region,3173,Centre Jakarta City,,77.30 ,77.97 ,78.44 ,78.81 ,79.03 ,79.69 ,80.22 ,80.49 ,81.01,81.24,81.39,81.56,82.11,82.53
,159,31,Jakarta Special Region,3174,West Jakarta City,,76.65 ,77.41 ,78.05 ,78.79 ,79.38 ,79.72 ,80.34 ,80.47 ,80.88,81.21,81.38,81.76,82.51,83.02
,160,31,Jakarta Special Region,3175,North Jakarta City ,,75.15 ,76.12 ,76.89 ,77.16 ,77.29 ,78.30 ,78.78 ,79.47 ,79.87,80.17,80.29,80.51,80.81,81.11
,161,32,West Java,3201,Bogor,43669,64.35 ,64.78 ,65.66 ,66.74 ,67.36 ,67.77 ,68.32 ,69.13 ,69.69,70.65,70.4,70.6,71.2,71.78
,162,32,West Java,3202,Sukabumi,,60.69 ,61.14 ,62.27 ,63.63 ,64.07 ,64.44 ,65.13 ,65.49 ,66.05,66.87,66.88,67.07,67.64,68.49
,163,32,West Java,3203,Cianjur,,58.58 ,59.38 ,60.28 ,61.68 ,62.08 ,62.42 ,62.92 ,63.70 ,64.62,65.38,65.36,65.56,65.94,66.55
,164,32,West Java,3204,Bandung,,67.28 ,67.78 ,68.13 ,68.58 ,69.06 ,70.05 ,70.69 ,71.02 ,71.75,72.41,72.39,72.73,73.16,73.74
,165,32,West Java,3205,Garut,41527,60.23 ,60.55 ,61.04 ,61.67 ,62.23 ,63.21 ,63.64 ,64.52 ,65.42,66.22,66.12,66.45,67.41,68.11
,166,32,West Java,3206,Tasikmalaya,,60.21 ,61.05 ,61.69 ,62.40 ,62.79 ,63.17 ,63.57 ,64.14 ,65,65.64,65.67,65.9,66.84,67.76
,167,32,West Java,3207,Ciamis,,64.64 ,65.48 ,66.29 ,67.20 ,67.64 ,68.02 ,68.45 ,68.87 ,69.63,70.39,70.49,70.93,71.45,72.05
,168,32,West Java,3208,Kuningan,,64.40 ,65.04 ,65.60 ,66.16 ,66.63 ,67.19 ,67.51 ,67.78 ,68.55,69.12,69.38,69.71,70.16,70.72
,169,32,West Java,3209,Cirebon,,63.64 ,64.17 ,64.48 ,65.06 ,65.53 ,66.07 ,66.70 ,67.39 ,68.05,68.69,68.75,69.12,70.06,70.95
,170,32,West Java,3210,Majalengka,,62.30 ,62.67 ,63.13 ,63.71 ,64.07 ,64.75 ,65.25 ,65.92 ,66.72,67.52,67.59,67.81,68.56,69.13
,171,32,West Java,3211,Sumedang,0,66.04 ,66.16 ,67.36 ,68.47 ,68.76 ,69.29 ,69.45 ,70.07 ,70.99,71.46,71.64,71.8,72.69,73.18
,172,32,West Java,3212,Indramayu,,60.86 ,61.47 ,62.09 ,62.98 ,63.55 ,64.36 ,64.78 ,65.58 ,66.36,66.97,67.29,67.64,68.55,69.25
,173,32,West Java,3213,Subang,Subang,63.54 ,64.21 ,64.86 ,65.48 ,65.80 ,66.52 ,67.14 ,67.73 ,68.31,68.69,68.95,69.13,69.87,70.7
,174,32,West Java,3214,Purwakarta,0,64.93 ,65.51 ,66.30 ,67.09 ,67.32 ,67.84 ,68.56 ,69.28 ,69.98,70.67,70.82,70.98,71.56,72.09
,175,32,West Java,3215,Karawang,,64.58 ,65.21 ,65.97 ,66.61 ,67.08 ,67.66 ,68.19 ,69.17 ,69.89,70.86,70.66,70.94,71.74,72.35
,176,32,West Java,3216,Bekasi,,67.58 ,68.66 ,69.38 ,70.09 ,70.51 ,71.19 ,71.83 ,72.63 ,73.49,73.99,74.07,74.45,75.22,75.76
,177,32,West Java,3217,West Bandung ,#REF!,61.34 ,62.36 ,63.17 ,63.93 ,64.27 ,65.23 ,65.81 ,66.63 ,67.46,68.27,68.08,68.29,69.04,69.61
,178,32,West Java,3218,Pangandaran,,-,-,-,64.73 ,65.29 ,65.62 ,65.79 ,66.60 ,67.44,68.21,68.06,68.28,69.03,69.38
,179,32,West Java,3271,Bogor  City,,71.25 ,71.72 ,72.25 ,72.86 ,73.10 ,73.65 ,74.50 ,75.16 ,75.66,76.23,76.11,76.59,77.17,77.85
,180,32,West Java,3272,Sukabumi City,,67.94 ,68.67 ,69.74 ,70.81 ,71.19 ,71.84 ,72.33 ,73.03 ,73.55,74.31,74.21,74.6,75.4,76.32
,181,32,West Java,3273,Bandung City,,77.49 ,78.13 ,78.30 ,78.55 ,78.98 ,79.67 ,80.13 ,80.31 ,81.06,81.62,81.51,81.96,82.5,83.04
,182,32,West Java,3274,Cirebon City,,70.74 ,71.49 ,71.97 ,72.27 ,72.93 ,73.34 ,73.70 ,74.00 ,74.35,74.92,74.89,75.25,75.89,76.46
,183,32,West Java,3275,Bekasi City,,76.77 ,77.48 ,77.71 ,78.63 ,78.84 ,79.63 ,79.95 ,80.30 ,81.04,81.59,81.5,81.95,82.46,83.03
,184,32,West Java,3276,Depok City,,76.66 ,76.96 ,77.28 ,78.27 ,78.58 ,79.11 ,79.60 ,79.83 ,80.29,80.82,80.97,81.37,81.86,82.38
,185,32,West Java,3277,Cimahi City,,73.76 ,74.41 ,74.99 ,75.85 ,76.06 ,76.42 ,76.69 ,76.95 ,77.56,78.11,77.83,78.06,78.77,79.46
,186,32,West Java,3278,Tasikmalaya City,,66.58 ,67.18 ,67.84 ,68.63 ,69.04 ,69.99 ,70.58 ,71.51 ,72.03,72.84,73.04,73.31,73.83,74.47
,187,32,West Java,3279,Banjar City,,66.81 ,67.15 ,67.53 ,68.01 ,68.34 ,69.31 ,70.09 ,70.79 ,71.25,71.75,71.7,71.92,72.55,73.08
,188,33,Central Java,3301,Cilacap,,64.18 ,64.73 ,65.72 ,66.80 ,67.25 ,67.77 ,68.60 ,68.90 ,69.56,69.98,69.95,70.42,70.99,71.83
,189,33,Central Java,3302,Banyumas,,66.87 ,67.45 ,68.06 ,68.55 ,69.25 ,69.89 ,70.49 ,70.75 ,71.3,71.96,71.98,72.44,73.17,73.86
,190,33,Central Java,3303,Purbalingga,,63.61 ,64.33 ,64.94 ,65.53 ,66.23 ,67.03 ,67.48 ,67.72 ,68.41,68.99,68.97,69.15,69.54,70.24
,191,33,Central Java,3304,Banjarnegara,,60.70 ,61.58 ,62.29 ,62.84 ,63.15 ,64.73 ,65.52 ,65.86 ,66.54,67.34,67.45,67.86,68.61,69.14
,192,33,Central Java,3305,Kebumen,,63.08 ,64.05 ,64.47 ,64.86 ,65.67 ,66.87 ,67.41 ,68.29 ,68.8,69.6,69.81,70.05,70.79,71.37
,193,33,Central Java,3306,Purworejo,,68.16 ,69.11 ,69.40 ,69.77 ,70.12 ,70.37 ,70.66 ,71.31 ,71.87,72.5,72.68,72.98,73.6,74.28
,194,33,Central Java,3307,Wonosobo,0,62.50 ,63.07 ,64.18 ,64.57 ,65.20 ,65.70 ,66.19 ,66.89 ,67.81,68.27,68.22,68.43,68.89,69.37
,195,33,Central Java,3308,Magelang,,63.28 ,64.16 ,64.75 ,65.86 ,66.35 ,67.13 ,67.85 ,68.39 ,69.11,69.87,69.87,70.12,70.85,71.45
,196,33,Central Java,3309,Boyolali,,68.76 ,69.14 ,69.51 ,69.81 ,70.34 ,71.74 ,72.18 ,72.64 ,73.22,73.8,74.25,74.4,74.97,75.41
,197,33,Central Java,3310,Klaten,,70.76 ,71.16 ,71.71 ,72.42 ,73.19 ,73.81 ,73.97 ,74.25 ,74.79,75.29,75.56,76.12,76.95,77.59
,198,33,Central Java,3311,Sukoharjo,,71.53 ,72.34 ,72.81 ,73.22 ,73.76 ,74.53 ,75.06 ,75.56 ,76.07,76.84,76.98,77.13,77.94,78.65
,199,33,Central Java,3312,Wonogiri,,63.90 ,64.75 ,65.75 ,66.40 ,66.77 ,67.76 ,68.23 ,68.66 ,69.37,69.98,70.25,70.49,71.04,71.97
,200,33,Central Java,3313,Karanganyar,,70.31 ,71.00 ,72.26 ,73.33 ,73.89 ,74.26 ,74.90 ,75.22 ,75.54,75.89,75.86,75.99,76.58,77.31
,201,33,Central Java,3314,Sragen,,67.67 ,68.12 ,68.91 ,69.95 ,70.52 ,71.10 ,71.43 ,72.40 ,72.96,73.43,73.95,74.08,74.65,75.1
,202,33,Central Java,3315,Grobogan,,64.56 ,65.41 ,66.39 ,67.43 ,67.77 ,68.05 ,68.52 ,68.87 ,69.32,69.86,69.87,70.41,70.97,71.49
,203,33,Central Java,3316,Blora,,63.02 ,63.88 ,64.70 ,65.37 ,65.84 ,66.22 ,66.61 ,67.52 ,67.95,68.65,68.84,69.37,69.95,70.63
,204,33,Central Java,3317,Rembang,,64.53 ,65.36 ,66.03 ,66.84 ,67.40 ,68.18 ,68.60 ,68.95 ,69.46,70.15,70.02,70.43,71,71.89
,205,33,Central Java,3318,Pati,,65.13 ,65.71 ,66.13 ,66.47 ,66.99 ,68.51 ,69.03 ,70.12 ,70.71,71.35,71.77,72.28,73.14,73.59
,206,33,Central Java,3319,Kudus,,69.22 ,69.89 ,70.57 ,71.58 ,72.00 ,72.72 ,72.94 ,73.84 ,74.58,74.94,75,75.16,75.89,76.71
,207,33,Central Java,3320,Jepara,,66.76 ,67.63 ,68.45 ,69.11 ,69.61 ,70.02 ,70.25 ,70.79 ,71.38,71.88,71.99,72.36,73.15,73.85
,208,33,Central Java,3321,Demak,,66.02 ,66.84 ,67.55 ,68.38 ,68.95 ,69.75 ,70.10 ,70.41 ,71.26,71.87,72.22,72.57,73.36,74.07
,209,33,Central Java,3322,Semarang,,69.58 ,70.35 ,70.88 ,71.29 ,71.65 ,71.89 ,72.40 ,73.20 ,73.61,74.14,74.1,74.24,74.67,75.13
,210,33,Central Java,3323,Temanggung,41974,63.08 ,64.14 ,64.91 ,65.52 ,65.97 ,67.07 ,67.60 ,68.34 ,68.83,69.56,69.57,69.88,70.77,71.33
,211,33,Central Java,3324,Kendal,,66.23 ,66.96 ,67.55 ,67.98 ,68.46 ,69.57 ,70.11 ,70.62 ,71.28,71.97,72.29,72.5,73.19,73.86
,212,33,Central Java,3325,Batang,,61.64 ,62.59 ,63.09 ,63.60 ,64.07 ,65.46 ,66.38 ,67.35 ,67.86,68.42,68.65,68.92,69.45,70.2
,213,33,Central Java,3326,Pekalongan,,63.75 ,64.72 ,65.33 ,66.26 ,66.98 ,67.40 ,67.71 ,68.40 ,68.97,69.71,69.63,70.11,70.81,71.4
,214,33,Central Java,3327,Pemalang,,58.64 ,59.66 ,60.78 ,61.81 ,62.35 ,63.70 ,64.17 ,65.04 ,65.67,66.32,66.32,66.56,67.19,68.03
,215,33,Central Java,3328,Tegal,,61.14 ,61.97 ,62.67 ,63.50 ,64.10 ,65.04 ,65.84 ,66.44 ,67.33,68.24,68.39,68.79,69.53,70.23
,216,33,Central Java,3329,Brebes,,59.49 ,60.51 ,60.92 ,61.87 ,62.55 ,63.18 ,63.98 ,64.86 ,65.68,66.12,66.11,66.32,67.03,67.95
,217,33,Central Java,3371,Mageleng City,,73.99 ,74.47 ,75.00 ,75.29 ,75.79 ,76.39 ,77.16 ,77.84 ,78.31,78.8,78.99,79.43,80.39,81.17
,218,33,Central Java,3372,Surakarta City,,77.45 ,78.00 ,78.44 ,78.89 ,79.34 ,80.14 ,80.76 ,80.85 ,81.46,81.86,82.21,82.62,83.08,83.54
,219,33,Central Java,3373,Salatiga City,,78.35 ,78.76 ,79.10 ,79.37 ,79.98 ,80.96 ,81.14 ,81.68 ,82.41,83.12,83.14,83.6,84.35,84.99
,220,33,Central Java,3374,Semarang City,,76.96 ,77.58 ,78.04 ,78.68 ,79.24 ,80.23 ,81.19 ,82.01 ,82.72,83.19,83.05,83.55,84.08,84.43
,221,33,Central Java,3375,Pekalongan City,,68.95 ,69.54 ,69.95 ,70.82 ,71.53 ,72.69 ,73.32 ,73.77 ,74.24,74.77,74.98,75.4,75.9,76.71
,222,33,Central Java,3376,Tegal City,,69.33 ,70.03 ,70.68 ,71.44 ,72.20 ,72.96 ,73.55 ,73.95 ,74.44,74.93,75.07,75.52,76.15,77.02
,223,34,Special Region Yogyakarta,3401,Kulon Progo,,68.83 ,69.53 ,69.74 ,70.14 ,70.68 ,71.52 ,72.38 ,73.23 ,73.76,74.44,74.46,74.71,75.46,75.79
,224,34,Special Region Yogyakarta ,3402,Bantul,,75.31 ,75.79 ,76.13 ,76.78 ,77.11 ,77.99 ,78.42 ,78.67 ,79.45,80.01,80.01,80.28,80.69,81.39
,225,34,Special Region Yogyakarta ,3403,Gunung Kidul,,64.20 ,64.83 ,65.69 ,66.31 ,67.03 ,67.41 ,67.82 ,68.73 ,69.24,69.96,69.98,70.16,70.96,71.24
,226,34,Special Region Yogyakarta ,3404,Sleman,,79.69 ,80.04 ,80.10 ,80.26 ,80.73 ,81.20 ,82.15 ,82.85 ,83.42,83.85,83.84,84,84.31,84.77
,227,34,Special Region Yogyakarta ,3471,Kota Yogyakarta,,82.72 ,82.98 ,83.29 ,83.61 ,83.78 ,84.56 ,85.32 ,85.49 ,86.11,86.65,86.61,87.18,87.69,88.28
,228,35,East Java,3501,Pacitan,,61.14 ,62.03 ,62.94 ,63.38 ,63.81 ,64.92 ,65.74 ,66.51 ,67.33,68.16,68.39,68.57,69.37,70.19
,229,35,East Java,3502,Ponorogo,,64.13 ,65.28 ,66.16 ,67.03 ,67.40 ,68.16 ,68.93 ,69.26 ,69.91,70.56,70.81,71.06,71.87,72.5
,230,35,East Java,3503,Trenggalek,,63.67 ,64.27 ,65.01 ,65.76 ,66.16 ,67.25 ,67.78 ,68.10 ,68.71,69.46,69.74,70.06,71,71.73
,231,35,East Java,3504,Tulungagung,,67.28 ,67.76 ,68.29 ,69.30 ,69.49 ,70.07 ,70.82 ,71.24 ,71.99,72.62,73,73.15,74.06,74.61
,232,35,East Java,3505,Blitar,,64.79 ,65.47 ,66.17 ,66.49 ,66.88 ,68.13 ,68.88 ,69.33 ,69.93,70.57,70.58,71.05,71.86,72.49
,233,35,East Java,3506,Kediri,,66.24 ,66.84 ,67.29 ,68.01 ,68.44 ,68.91 ,69.87 ,70.47 ,71.07,71.85,72.05,72.56,73.46,73.96
,234,35,East Java,3507,Malang,,63.47 ,63.97 ,64.71 ,65.20 ,65.59 ,66.63 ,67.51 ,68.47 ,69.4,70.35,70.36,70.6,71.38,72.16
,235,35,East Java,3508,Lumajang,,59.62 ,60.72 ,61.31 ,61.87 ,62.33 ,63.02 ,63.74 ,64.23 ,64.83,65.33,65.46,66.07,66.95,67.87
,236,35,East Java,3509,Jember,,59.94 ,60.64 ,61.31 ,62.43 ,62.64 ,63.04 ,64.01 ,64.96 ,65.96,66.69,67.11,67.32,67.97,68.64
,237,35,East Java,3510,Banyuwangi,,64.54 ,65.48 ,66.12 ,66.74 ,67.31 ,68.08 ,69.00 ,69.64 ,70.06,70.6,70.62,71.38,71.94,72.61
,238,35,East Java,3511,Bondowoso,41527,59.47 ,60.46 ,62.24 ,63.21 ,63.43 ,63.95 ,64.52 ,64.75 ,65.27,66.09,66.43,66.59,67.31,67.99
,239,35,East Java,3512,Situbondo,,60.07 ,60.82 ,62.23 ,63.43 ,63.91 ,64.53 ,65.08 ,65.68 ,66.42,67.09,67.38,67.78,68.25,69.16
,240,35,East Java,3513,Probolinggo,,59.83 ,60.30 ,61.33 ,62.61 ,63.04 ,63.83 ,64.12 ,64.28 ,64.85,65.6,66.07,66.26,66.96,67.79
,241,35,East Java,3514,Pasuruan,43700,60.79 ,61.43 ,62.31 ,63.74 ,64.35 ,65.04 ,65.71 ,66.69 ,67.41,68.29,68.6,68.93,69.68,70.29
,242,35,East Java,3515,Sidoarjo,,73.75 ,74.48 ,75.14 ,76.39 ,76.78 ,77.43 ,78.17 ,78.70 ,79.5,80.05,80.29,80.65,81.02,81.55
,243,35,East Java,3516,Mojokerto,,68.14 ,68.71 ,69.17 ,69.84 ,70.22 ,70.85 ,71.38 ,72.36 ,72.64,73.53,73.83,74.15,74.89,75.53
,244,35,East Java,3517,Jombang,,66.20 ,66.84 ,67.82 ,68.63 ,69.07 ,69.59 ,70.03 ,70.88 ,71.86,72.85,72.97,73.45,74.05,74.6
,245,35,East Java,3518,Nganjuk,,65.60 ,66.58 ,68.07 ,68.98 ,69.59 ,69.90 ,70.50 ,70.69 ,71.23,71.71,71.72,71.97,72.93,73.71
,246,35,East Java,3519,Madiun,,64.87 ,65.98 ,67.32 ,68.07 ,68.60 ,69.39 ,69.67 ,70.27 ,71.01,71.69,71.73,71.88,72.39,72.97
,247,35,East Java,3520,Magetan,,67.58 ,68.52 ,69.56 ,69.86 ,70.29 ,71.39 ,71.94 ,72.60 ,72.91,73.49,73.92,74.15,74.85,75.41
,248,35,East Java,3521,Ngawi,,64.52 ,65.84 ,66.72 ,67.25 ,67.78 ,68.32 ,68.96 ,69.27 ,69.91,70.41,70.54,71.04,71.75,72.47
,249,35,East Java,3522,Bojonegoro,,62.19 ,63.22 ,64.20 ,64.85 ,65.27 ,66.17 ,66.73 ,67.28 ,67.85,68.75,69.04,69.59,70.12,70.85
,250,35,East Java,3523,Tuban,,61.33 ,62.47 ,63.36 ,64.14 ,64.58 ,65.52 ,66.19 ,66.77 ,67.43,68.37,68.4,68.91,69.67,70.34
,251,35,East Java,3524,Lamongan,,65.40 ,66.21 ,67.51 ,68.90 ,69.42 ,69.84 ,70.34 ,71.11 ,71.97,72.57,72.58,73.12,74.02,74.53
,252,35,East Java,3525,Gresik,,69.90 ,71.11 ,72.12 ,72.47 ,72.84 ,73.57 ,74.46 ,74.84 ,75.28,76.1,76.11,76.5,77.16,77.98
,253,35,East Java,3526,Bangkalan,,57.23 ,58.63 ,59.65 ,60.19 ,60.71 ,61.49 ,62.06 ,62.30 ,62.87,63.79,64.11,64.36,65.05,65.75
,254,35,East Java,3527,Sampang,,54.49 ,55.17 ,55.78 ,56.45 ,56.98 ,58.18 ,59.09 ,59.90 ,61,61.94,62.7,62.8,63.39,64.13
,255,35,East Java,3528,Pamekasan,,59.37 ,60.42 ,61.21 ,62.27 ,62.66 ,63.10 ,63.98 ,64.93 ,65.41,65.94,66.26,66.4,66.99,67.96
,256,35,East Java,3529,Sumenep,,57.27 ,58.70 ,60.08 ,60.84 ,61.43 ,62.38 ,63.42 ,64.28 ,65.25,66.22,66.43,67.04,67.87,68.61
,257,35,East Java,3571,Kediri City,,72.20 ,72.93 ,73.66 ,74.18 ,74.62 ,75.67 ,76.33 ,77.13 ,77.58,78.08,78.23,78.6,79.59,80.44
,258,35,East Java,3572,Blitar  City,,72.56 ,73.08 ,73.53 ,74.53 ,75.26 ,76.00 ,76.71 ,77.10 ,77.58,78.56,78.57,78.98,79.93,80.63
,259,35,East Java,3573,Malang City,,76.69 ,77.36 ,78.04 ,78.44 ,78.96 ,80.05 ,80.46 ,80.65 ,80.89,81.32,81.45,82.04,82.71,83.39
,260,35,East Java,3574,Probolinggo City,,67.30 ,68.14 ,68.93 ,70.05 ,70.49 ,71.01 ,71.50 ,72.09 ,72.53,73.27,73.27,73.66,74.56,75.43
,261,35,East Java,3575,Pasuruan City,,69.69 ,70.41 ,72.01 ,72.89 ,73.23 ,73.78 ,74.11 ,74.39 ,74.78,75.25,75.26,75.62,76.54,77.17
,262,35,East Java,3576,Mojokerto City,,72.78 ,73.47 ,74.20 ,74.91 ,75.04 ,75.54 ,76.38 ,76.77 ,77.14,77.96,78.04,78.43,79.32,80.07
,263,35,East Java,3577,Madiun City,,75.98 ,76.48 ,77.21 ,78.41 ,78.81 ,79.48 ,80.01 ,80.13 ,80.33,80.88,80.91,81.25,82.01,82.71
,264,35,East Java,3578,Surabaya City,,77.20 ,77.62 ,78.05 ,78.51 ,78.87 ,79.47 ,80.38 ,81.07 ,81.74,82.22,82.23,82.31,82.74,83.45
,265,35,East Java,3579,Batu City,,68.66 ,69.76 ,70.62 ,71.55 ,71.89 ,72.62 ,73.57 ,74.26 ,75.04,75.88,75.9,76.28,77.22,78.18
,266,36,Banten,3601,Pandeglang,,59.08 ,59.92 ,60.48 ,61.35 ,62.06 ,62.72 ,63.40 ,63.82 ,64.34,64.91,65,65.17,65.84,66.42
,267,36,Banten,3602,Lebak,,58.83 ,59.82 ,60.22 ,61.13 ,61.64 ,62.03 ,62.78 ,62.95 ,63.37,63.88,63.91,64.03,64.71,65.21
,268,36,Banten,3603,Tangerang,,68.01 ,68.45 ,68.83 ,69.28 ,69.57 ,70.05 ,70.44 ,70.97 ,71.59,71.93,71.92,72.29,72.97,73.43
,269,36,Banten,3604,Serang,,60.96 ,61.97 ,62.97 ,63.57 ,63.97 ,64.61 ,65.12 ,65.60 ,65.93,66.38,66.7,66.82,67.75,68.39
,270,36,Banten,3671,Tangerang City,,73.69 ,74.15 ,74.57 ,75.04 ,75.87 ,76.08 ,76.81 ,77.01 ,77.92,78.43,78.25,78.5,78.9,79.46
,271,36,Banten,3672,Cilegon City,,68.80 ,69.26 ,70.07 ,70.99 ,71.57 ,71.81 ,72.04 ,72.29 ,72.65,73.01,73.05,73.35,73.95,74.54
,272,36,Banten,3673,Serang City,,68.25 ,68.69 ,69.43 ,69.69 ,70.26 ,70.51 ,71.09 ,71.31 ,71.68,72.1,72.16,72.44,72.98,73.48
,273,36,Banten,3674,South Tangerang City,,-,76.99 ,77.68 ,78.65 ,79.17 ,79.38 ,80.11 ,80.84 ,81.17,81.48,81.36,81.6,81.95,82.28
,274,51,Bali,5101,Jembrana,,66.70 ,67.53 ,67.94 ,68.39 ,68.67 ,69.66 ,70.38 ,70.72 ,71.65,72.35,72.36,72.75,73.58,74.04
,275,51,Bali,5102,Tabanan,42884,70.68 ,71.35 ,71.69 ,72.31 ,72.68 ,73.54 ,74.19 ,74.86 ,75.45,76.16,76.17,76.45,76.75,77.43
,276,51,Bali,5103,Badung,0,75.84 ,76.66 ,77.26 ,77.63 ,77.98 ,78.86 ,79.80 ,80.54 ,80.87,81.59,81.6,81.83,82.13,83.08
,277,51,Bali,5104,Gianyar,,71.45 ,72.50 ,73.36 ,74.00 ,74.29 ,75.03 ,75.70 ,76.09 ,76.71,77.14,77.36,77.7,78.39,79.24
,278,51,Bali,5105,Klungkung,,66.01 ,67.01 ,67.64 ,68.08 ,68.30 ,68.98 ,69.31 ,70.13 ,70.9,71.71,71.73,71.75,72.55,73.11
,279,51,Bali,5106,Bangli,39787,63.43 ,63.87 ,64.53 ,65.47 ,65.75 ,66.24 ,67.03 ,68.24 ,68.96,69.35,69.36,69.37,70.26,70.79
,280,51,Bali,5107,Karang Asem,,60.58 ,61.60 ,62.95 ,63.70 ,64.01 ,64.68 ,65.23 ,65.57 ,66.49,67.34,67.35,67.36,68.28,68.91
,281,51,Bali,5108,Buleleng,0,66.98 ,67.73 ,68.29 ,68.83 ,69.16 ,70.03 ,70.65 ,71.11 ,71.7,72.3,72.55,72.56,73.45,73.97
,282,51,Bali,5171,Denpasar City,,79.19 ,79.77 ,80.45 ,81.32 ,81.65 ,82.24 ,82.58 ,83.01 ,83.3,83.68,83.93,84.03,84.37,84.73
,283,52,West Nusa Tenggara ,5201,Lombok Barat,,60.61 ,61.64 ,62.24 ,62.91 ,63.52 ,64.62 ,65.55 ,66.37 ,67.18,68.03,68.2,68.61,69.41,70.15
,284,52,West Nusa Tenggara ,5202,Lombok Tengah,,58.97 ,59.77 ,60.57 ,61.25 ,61.88 ,62.74 ,63.22 ,64.36 ,65.36,66.36,66.43,66.72,67.57,68.4
,285,52,West Nusa Tenggara ,5203,Lombok Timur,,58.86 ,59.84 ,60.73 ,61.43 ,62.07 ,62.83 ,63.70 ,64.37 ,65.35,66.23,66.3,66.66,67.59,68.41
,286,52,West Nusa Tenggara ,5204,Sumbawa,,60.93 ,61.50 ,61.96 ,62.44 ,62.88 ,63.91 ,64.89 ,65.84 ,66.77,67.6,67.61,68.01,68.89,69.87
,287,52,West Nusa Tenggara ,5205,Dompu,42919,61.44 ,61.84 ,62.60 ,63.16 ,63.53 ,64.56 ,65.48 ,66.33 ,66.97,67.83,67.84,68.45,69.15,69.98
,288,52,West Nusa Tenggara ,5206,Bima,0,60.19 ,60.62 ,61.05 ,62.08 ,62.61 ,63.48 ,64.15 ,65.01 ,65.62,66.37,66.3,66.66,67.57,68.28
,289,52,West Nusa Tenggara ,5207,Sumbawa Barat,,65.42 ,65.94 ,66.45 ,66.86 ,67.19 ,68.38 ,69.26 ,70.08 ,70.71,71.52,71.63,71.85,72.65,73.17
,290,52,West Nusa Tenggara ,5208,Lombok Utara,,56.13 ,57.13 ,58.19 ,59.20 ,60.17 ,61.15 ,62.24 ,63.04 ,63.83,64.49,64.42,64.77,65.7,66.62
,291,52,West Nusa Tenggara ,5271,Mataram City,,72.47 ,73.50 ,74.22 ,75.22 ,75.93 ,76.37 ,77.20 ,77.84 ,78.43,79.1,78.91,79.14,79.59,80.09
,292,52,West Nusa Tenggara ,5272,Bima City,,70.11 ,70.57 ,71.21 ,71.72 ,72.23 ,72.99 ,73.67 ,74.36 ,75.04,75.8,75.81,76.11,76.84,77.36
,293,53,East Nusa Tenggara,5301,Sumba Barat,,58.50 ,59.33 ,59.98 ,60.55 ,60.90 ,61.36 ,61.85 ,62.30 ,62.91,63.56,63.53,63.83,64.43,65.22
,294,53,East Nusa Tenggara,5302,Sumba Timur,,59.94 ,60.43 ,60.89 ,61.44 ,62.04 ,62.54 ,63.22 ,64.19 ,64.65,65.34,65.52,65.74,66.17,67.05
,295,53,East Nusa Tenggara,5303,Kupang,,58.57 ,59.74 ,60.34 ,61.07 ,61.68 ,62.04 ,62.39 ,62.79 ,63.55,64.43,64.32,64.41,65.04,65.82
,296,53,East Nusa Tenggara,5304,Timor Tengah Selatan ,,55.72 ,56.82 ,57.94 ,58.76 ,59.41 ,59.90 ,60.37 ,61.08 ,61.58,62.23,62.15,62.16,62.73,63.58
,297,53,East Nusa Tenggara,5305,Timor Tengah Utara,,56.93 ,57.87 ,59.04 ,59.56 ,60.41 ,60.96 ,61.54 ,62.03 ,62.65,63.34,63.53,63.69,64.26,65.16
,298,53,East Nusa Tenggara,5306,Belu,,55.78 ,56.63 ,57.58 ,59.12 ,59.72 ,60.54 ,61.04 ,61.44 ,61.86,62.54,62.68,62.77,63.22,63.83
,299,53,East Nusa Tenggara,5307,Alor,,55.46 ,56.01 ,56.47 ,57.52 ,58.00 ,58.50 ,58.99 ,59.61 ,60.14,61.03,61.33,61.37,62.26,62.99
,300,53,East Nusa Tenggara,5308,Lembata,,57.78 ,58.76 ,59.51 ,60.56 ,61.45 ,62.16 ,62.81 ,63.09 ,63.96,64.91,64.74,64.75,65.47,66.12
,301,53,East Nusa Tenggara,5309,Flores Timur,,57.28 ,58.15 ,58.93 ,59.80 ,60.42 ,61.24 ,61.90 ,62.89 ,63.55,64.34,64.22,64.22,64.93,65.79
,302,53,East Nusa Tenggara,5310,Sikka,,59.04 ,59.62 ,60.12 ,60.84 ,61.36 ,61.81 ,62.42 ,63.08 ,63.89,64.75,65.11,65.41,66.06,66.89
,303,53,East Nusa Tenggara,5311,Ende,,61.92 ,62.78 ,63.93 ,64.64 ,65.25 ,65.54 ,65.74 ,66.11 ,66.62,67.2,67.04,67.3,67.97,68.63
,304,53,East Nusa Tenggara,5312,Ngada,40996,61.84 ,62.80 ,63.57 ,64.43 ,64.64 ,65.10 ,65.61 ,66.47 ,67.1,67.76,67.88,67.88,68.26,69.14
,305,53,East Nusa Tenggara,5313,Manggarai,43166,57.18 ,58.02 ,58.92 ,59.49 ,60.08 ,60.87 ,61.67 ,62.24 ,63.32,64.15,64.54,65.01,65.83,66.42
,306,53,East Nusa Tenggara,5314,Rote Ndao,,54.79 ,55.78 ,56.56 ,57.28 ,57.82 ,58.32 ,59.28 ,60.51 ,61.51,62.22,62.39,62.6,63.21,64
,307,53,East Nusa Tenggara,5315,West Manggarai,0,57.08 ,57.75 ,58.13 ,59.02 ,59.64 ,60.04 ,60.63 ,61.65 ,62.58,63.5,63.89,64.17,64.92,65.81
,308,53,East Nusa Tenggara,5316,Sumba Tengah,,55.35 ,56.21 ,56.66 ,57.25 ,57.60 ,57.91 ,58.52 ,59.39 ,60.07,61.01,61.53,61.8,62.71,63.48
,309,53,East Nusa Tenggara,5317,Sumba Barat Daya,,56.37 ,57.35 ,58.22 ,59.26 ,59.90 ,60.53 ,61.31 ,61.46 ,61.89,62.6,62.28,62.29,63.15,63.74
,310,53,East Nusa Tenggara,5318,Nagekeo,,60.19 ,61.05 ,61.60 ,62.24 ,62.71 ,63.33 ,63.93 ,64.74 ,65.35,65.88,65.81,65.82,66.22,67.07
,311,53,East Nusa Tenggara,5319,East Timur,0,54.26 ,54.97 ,55.28 ,55.74 ,56.58 ,56.83 ,57.50 ,58.51 ,59.49,60.47,60.85,61.37,62.3,63.24
,312,53,East Nusa Tenggara,5320,Sabu Raijua,,-,49.16 ,50.30 ,51.55 ,52.51 ,53.28 ,54.16 ,55.22 ,55.79,56.66,57.02,57.03,57.9,58.89
,313,53,East Nusa Tenggara,5321,Malaka,,-,-,-,56.14 ,56.94 ,57.51 ,58.29 ,58.90 ,59.66,60.34,60.21,60.42,61.34,62.06
,314,53,East Nusa Tenggara,5371,Kupang City,,74.81 ,75.74 ,76.38 ,77.24 ,77.58 ,77.95 ,78.14 ,78.25 ,78.84,79.55,79.71,79.74,80.2,80.62
,315,61,West Kalimantan,6101,Sambas,,59.81 ,60.57 ,61.53 ,62.47 ,63.28 ,64.14 ,64.94 ,65.92 ,66.61,67.02,67.03,67.1,67.95,68.69
,316,61,West Kalimantan,6102,Bengkayang,,62.50 ,62.94 ,63.42 ,63.99 ,64.40 ,64.65 ,65.45 ,65.99 ,66.85,67.57,67.87,68.04,68.74,69.53
,317,61,West Kalimantan,6103,Landak,,60.36 ,61.67 ,62.38 ,62.72 ,63.59 ,64.12 ,64.58 ,64.93 ,65.45,65.96,65.98,66.21,67.17,68.14
,318,61,West Kalimantan,6104,Pontianak,,59.48 ,59.95 ,60.75 ,62.09 ,62.78 ,63.37 ,63.84 ,64.00 ,64.9,65.5,65.74,66.03,66.94,67.92
,319,61,West Kalimantan,6105,Sanggau,,60.57 ,60.96 ,61.39 ,61.72 ,62.06 ,63.05 ,63.90 ,64.61 ,65.15,65.67,65.77,66.2,66.91,67.77
,320,61,West Kalimantan,6106,Ketapang,,60.63 ,61.47 ,62.04 ,62.85 ,63.27 ,64.03 ,64.74 ,65.71 ,66.41,67.16,67.17,67.43,67.92,68.68
,321,61,West Kalimantan,6107,Sintang,,59.91 ,60.80 ,61.66 ,62.64 ,63.19 ,64.18 ,64.78 ,65.16 ,66.07,66.7,66.88,66.93,67.86,68.67
,322,61,West Kalimantan,6108,Kapuas Hulu,,59.84 ,60.83 ,61.85 ,62.63 ,62.90 ,63.73 ,63.83 ,64.18 ,65.03,65.65,65.69,65.75,66.7,67.67
,323,61,West Kalimantan,6109,Sekadau,,59.42 ,59.76 ,60.14 ,61.02 ,61.98 ,62.34 ,62.52 ,63.04 ,63.69,64.34,64.76,64.93,65.58,66.33
,324,61,West Kalimantan,6110,Melawi,,60.91 ,61.18 ,61.58 ,62.27 ,62.89 ,63.78 ,64.25 ,64.43 ,65.05,65.54,65.55,65.87,66.81,67.76
,325,61,West Kalimantan,6111,Kayong Utara,,55.83 ,56.58 ,57.53 ,57.92 ,58.52 ,60.09 ,60.87 ,61.52 ,61.82,62.66,62.68,62.9,63.81,64.79
,326,61,West Kalimantan,6112,Kubu Raya,,61.87 ,62.56 ,63.42 ,63.94 ,64.52 ,65.02 ,65.54 ,66.31 ,67.23,67.76,67.95,68.16,68.91,69.6
,327,61,West Kalimantan,6171,Pontianak City,,74.87 ,75.08 ,75.55 ,75.98 ,76.63 ,77.52 ,77.63 ,77.93 ,78.56,79.35,79.44,79.93,80.48,81.03
,328,61,West Kalimantan,6172,Singkawang City,,67.27 ,67.50 ,68.54 ,69.13 ,69.84 ,70.03 ,70.10 ,70.25 ,71.08,71.72,71.94,72.11,72.89,73.39
,329,62,Central Kalimantan,6201,Kotawaringin Barat,,68.43 ,68.53 ,68.63 ,69.51 ,70.14 ,70.60 ,71.13 ,72.11 ,72.46,72.85,72.87,73.07,73.41,74.04
,330,62,Central Kalimantan,6202,Kotawaringin Timur,,65.24 ,65.60 ,66.61 ,67.95 ,68.45 ,68.61 ,69.42 ,70.17 ,70.56,71.16,71.31,71.38,71.67,72.21
,331,62,Central Kalimantan,6203,Kapuas,,63.32 ,64.01 ,64.38 ,64.82 ,65.29 ,66.07 ,66.98 ,68.04 ,68.68,69.38,69.48,69.63,70.01,70.75
,332,62,Central Kalimantan,6204,Barito Selatan,,64.51 ,65.10 ,65.76 ,66.20 ,66.61 ,68.27 ,69.00 ,69.25 ,69.73,70.1,70.22,70.54,71.01,71.65
,333,62,Central Kalimantan,6205,Barito Utara,,63.87 ,64.36 ,64.72 ,65.12 ,66.30 ,67.38 ,68.28 ,69.07 ,69.72,70.52,70.59,70.79,71.21,71.84
,334,62,Central Kalimantan,6206,Sukamara,,62.41 ,62.86 ,63.52 ,63.92 ,64.44 ,65.80 ,66.40 ,66.98 ,67.52,67.95,68.03,68.27,68.94,69.44
,335,62,Central Kalimantan,6207,Lamandau,,65.32 ,65.99 ,66.49 ,67.23 ,67.53 ,68.30 ,68.54 ,69.17 ,69.7,70.51,70.51,70.58,71.11,71.81
,336,62,Central Kalimantan,6208,Seruyan,,61.60 ,62.16 ,62.39 ,62.81 ,63.49 ,64.77 ,65.40 ,66.14 ,67.04,67.57,67.58,67.67,68.24,68.68
,337,62,Central Kalimantan,6209,Katingan,,63.25 ,64.54 ,64.87 ,65.29 ,65.79 ,66.81 ,67.41 ,67.56 ,67.91,68.55,68.68,68.89,69.74,70.28
,338,62,Central Kalimantan,6210,Pulang Pisau,,63.76 ,64.06 ,64.28 ,64.76 ,65.00 ,65.76 ,66.49 ,67.00 ,67.54,68.34,68.45,68.53,69.01,69.6
,339,62,Central Kalimantan,6211,Gunung Mas,,66.33 ,66.85 ,67.30 ,67.75 ,68.13 ,69.24 ,69.73 ,69.95 ,70.23,70.65,70.81,71.03,71.4,72.09
,340,62,Central Kalimantan,6212,Barito Timur,,66.76 ,67.31 ,67.97 ,68.82 ,69.12 ,69.71 ,70.33 ,70.57 ,70.82,71.34,71.39,71.47,72.07,72.7
,341,62,Central Kalimantan,6213,Murung Raya,,63.18 ,64.39 ,64.85 ,65.62 ,66.10 ,66.46 ,66.96 ,67.16 ,67.56,67.89,67.98,68.12,68.63,69.42
,342,62,Central Kalimantan,6271,Palangka Raya City,,76.53 ,76.98 ,77.40 ,78.02 ,78.50 ,78.62 ,79.21 ,79.69 ,80.34,80.77,80.77,80.82,81.16,81.68
,343,63,South Kalimantan,6301,Tanah Laut,,63.56 ,64.35 ,65.16 ,66.11 ,66.50 ,66.99 ,67.44 ,68.00 ,68.49,69.04,69.38,69.87,70.35,70.98
,344,63,South Kalimantan,6302,Kota Baru,,63.64 ,64.27 ,64.87 ,65.41 ,65.76 ,66.61 ,67.10 ,67.79 ,68.32,68.95,68.86,69.13,69.74,70.18
,345,63,South Kalimantan,6303,Banjar,,64.46 ,64.75 ,65.04 ,65.36 ,65.71 ,66.39 ,66.87 ,67.77 ,68.32,68.94,69.18,69.89,70.72,71.46
,346,63,South Kalimantan,6304,Barito Kuala,,60.24 ,60.93 ,61.62 ,62.12 ,62.56 ,63.53 ,64.33 ,64.93 ,65.91,66.24,66.22,66.64,67.37,68.11
,347,63,South Kalimantan,6305,Tapin,,64.89 ,65.41 ,65.92 ,66.48 ,66.99 ,67.67 ,68.05 ,68.70 ,69.53,70.13,70.11,70.31,71.02,72
,348,63,South Kalimantan,6306,Hulu Sungai Selatan,,62.80 ,63.44 ,64.03 ,64.59 ,65.25 ,66.31 ,67.52 ,67.80 ,68.41,68.8,68.85,69.21,69.76,70.5
,349,63,South Kalimantan,6307,Hulu Sungai Tengah,,63.49 ,63.90 ,64.34 ,64.63 ,65.37 ,66.56 ,67.07 ,67.78 ,68.32,68.8,68.84,69.05,69.7,70.13
,350,63,South Kalimantan,6308,Hulu Sungai Utara,,58.50 ,59.24 ,60.12 ,60.77 ,61.32 ,62.49 ,63.38 ,64.21 ,65.06,65.49,65.59,66.12,66.84,67.66
,351,63,South Kalimantan,6309,Tabalong,,65.87 ,66.60 ,67.36 ,68.08 ,68.36 ,69.35 ,70.07 ,70.76 ,71.14,71.78,72.19,72.6,73.13,73.85
,352,63,South Kalimantan,6310,Tanah Bumbu,,64.98 ,65.59 ,66.13 ,66.51 ,66.94 ,67.58 ,68.28 ,69.12 ,70.05,70.5,70.71,71,71.79,72.31
,353,63,South Kalimantan,6311,Balangan,,62.88 ,63.28 ,63.69 ,64.03 ,64.44 ,65.34 ,66.25 ,67.25 ,67.88,68.39,68.82,69.11,69.73,70.49
,354,63,South Kalimantan,6371,Banjarmasin City,,71.01 ,72.01 ,73.45 ,74.59 ,74.94 ,75.41 ,75.94 ,76.46 ,76.83,77.16,77.1,77.57,77.97,78.5
,355,63,South Kalimantan,6372,Banjar Baru City,,75.49 ,76.23 ,76.67 ,77.10 ,77.30 ,77.56 ,77.96 ,78.32 ,78.83,79.22,79.1,79.26,79.68,80.11
,356,64,East Kalimantan,6401,Paser,,66.54 ,67.11 ,68.18 ,69.61 ,69.87 ,70.30 ,71.00 ,71.16 ,71.61,72.29,72.04,72.93,73.44,74.14
,357,64,East Kalimantan,6402,Kutai Barat,,65.90 ,66.92 ,67.14 ,68.13 ,68.91 ,69.34 ,69.99 ,70.18 ,70.69,71.63,71.19,72.07,72.92,73.72
,358,64,East Kalimantan,6403,Kutai Kartanegara,,67.45 ,68.47 ,69.12 ,70.71 ,71.20 ,71.78 ,72.19 ,72.75 ,73.15,73.78,73.59,74.06,74.67,75.3
,359,64,East Kalimantan,6404,Kutai Timur,,66.94 ,67.73 ,68.71 ,69.79 ,70.39 ,70.76 ,71.10 ,71.91 ,72.56,73.49,73,73.81,74.35,74.98
,360,64,East Kalimantan,6405,Berau,,69.16 ,70.43 ,70.77 ,72.02 ,72.26 ,72.72 ,73.05 ,73.56 ,74.01,74.88,74.71,75.2,75.74,76.21
,361,64,East Kalimantan,6409,Penajam Paser Utara,,66.37 ,66.92 ,67.17 ,68.07 ,68.60 ,69.26 ,69.96 ,70.59 ,71.13,71.64,71.41,72.01,72.55,73.3
,362,64,East Kalimantan,6411,Mahakam Ulu,,-,-,-,63.81 ,64.32 ,64.89 ,65.51 ,66.09 ,66.67,67.58,67.09,67.95,68.75,69.59
,363,64,East Kalimantan,6471,Balikpapan City,,75.55 ,76.02 ,76.56 ,77.53 ,77.93 ,78.18 ,78.57 ,79.01 ,79.81,80.11,80.01,80.71,81.13,81.66
,364,64,East Kalimantan,6472,Samarinda City,,75.85 ,77.05 ,77.34 ,77.84 ,78.39 ,78.69 ,78.91 ,79.46 ,79.93,80.2,80.11,80.76,81.43,82.32
,365,64,East Kalimantan,6474,Bontang City,,76.97 ,77.25 ,77.55 ,78.34 ,78.58 ,78.78 ,78.92 ,79.47 ,79.86,80.09,80.02,80.59,80.94,81.56
,366,65,North Kalimantan,6501,Malinau,,66.90 ,68.15 ,68.88 ,69.84 ,70.00 ,70.15 ,70.71 ,71.23 ,71.74,72.06,71.94,72.32,72.75,73.19
,367,65,North Kalimantan,6502,Bulungan,,66.79 ,67.63 ,68.16 ,68.66 ,69.25 ,69.37 ,69.88 ,70.74 ,71.23,71.66,71.1,71.8,72.08,72.72
,368,65,North Kalimantan,6503,Tana Tidung,,61.16 ,61.92 ,62.91 ,63.79 ,64.70 ,64.92 ,65.64 ,66.26 ,67.05,67.79,66.97,67.76,68.6,69.2
,369,65,North Kalimantan,6504,Nunukan,,60.33 ,60.64 ,61.18 ,62.18 ,63.13 ,63.35 ,64.35 ,65.10 ,65.67,66.32,65.79,66.46,67.16,67.7
,370,65,North Kalimantan,6571,Tarakan City,,70.95 ,71.60 ,72.53 ,73.58 ,74.60 ,74.70 ,74.88 ,75.27 ,75.69,76.09,75.83,76.23,76.68,77.53
,371,71,North Sulawesi ,7101,Bolaang Mongondow,,62.75 ,63.16 ,63.78 ,64.16 ,64.53 ,65.03 ,65.73 ,66.08 ,66.91,67.82,67.89,68.16,68.95,69.62
,372,71,North Sulawesi ,7102,Minahasa,,70.38 ,70.82 ,71.43 ,71.94 ,72.76 ,73.59 ,74.37 ,74.59 ,74.97,75.47,75.29,75.73,76.18,76.96
,373,71,North Sulawesi ,7103,Kepulauan Sangihe,,64.69 ,65.34 ,65.87 ,66.15 ,66.82 ,67.56 ,68.52 ,69.14 ,69.67,70.53,70.73,71.07,71.63,72.22
,374,71,North Sulawesi ,7104,Kepulauan Talaud,,64.37 ,64.86 ,65.51 ,66.14 ,66.56 ,66.92 ,67.58 ,67.74 ,68.32,68.97,69.4,69.83,70.43,71.14
,375,71,North Sulawesi ,7105,Minahasa Selatan,,66.11 ,66.61 ,67.26 ,67.68 ,68.36 ,69.18 ,69.97 ,70.05 ,70.86,71.68,72.11,72.32,72.89,73.66
,376,71,North Sulawesi ,7106,Minahasa Utara,,68.74 ,69.62 ,70.00 ,70.19 ,70.54 ,71.09 ,71.49 ,72.20 ,73.05,73.95,73.9,74.11,74.69,75.31
,377,71,North Sulawesi ,7107,Bolaang Mongondow Utara,,61.34 ,62.11 ,62.88 ,63.67 ,64.24 ,64.46 ,65.16 ,65.60 ,66.32,66.91,66.99,67.39,68.06,68.64
,378,71,North Sulawesi ,7108,Siau Tagulandang,,61.83 ,62.45 ,63.35 ,63.91 ,64.35 ,65.00 ,65.66 ,66.03 ,66.75,67.48,67.64,68.05,68.94,69.57
,379,71,North Sulawesi ,7109,Minahasa Tenggara ,,65.66 ,66.07 ,67.10 ,67.34 ,67.86 ,68.05 ,68.42 ,68.91 ,69.66,70.47,70.51,71.06,71.48,71.93
,380,71,North Sulawesi ,7110,Bolaang Mongondow Selatan,,59.77 ,60.47 ,61.48 ,62.84 ,63.57 ,63.72 ,63.92 ,64.05 ,64.49,65.28,65,65.42,65.9,66.4
,381,71,North Sulawesi ,7111,Bolaang Mongondow Timur ,,60.04 ,60.93 ,61.93 ,62.64 ,63.12 ,63.81 ,64.44 ,64.73 ,65.21,66.08,65.99,66.55,67.21,67.95
,382,71,North Sulawesi ,7171,Manado City,,74.47 ,75.47 ,76.15 ,76.56 ,77.27 ,77.32 ,77.59 ,78.05 ,78.41,79.12,78.93,79.2,79.66,80.14
,383,71,North Sulawesi ,7172,Bitung City,,68.86 ,69.31 ,69.89 ,70.35 ,70.88 ,71.64 ,72.43 ,72.94 ,73.27,74.2,74.1,74.2,74.7,75.11
,384,71,North Sulawesi ,7173,Tomohon City,,71.27 ,71.85 ,72.50 ,72.99 ,73.56 ,74.36 ,74.91 ,75.34 ,75.78,76.67,76.69,76.86,77.44,78.1
,385,71,North Sulawesi ,7174,Kotamobagu City,,67.89 ,68.57 ,69.31 ,69.86 ,70.46 ,70.70 ,71.68 ,72.00 ,72.55,73.22,72.97,73.47,73.96,74.43
,386,72,Central Sulawesi  ,7201,Banggai Kepulauan ,,59.42 ,60.54 ,61.09 ,61.74 ,62.33 ,62.97 ,63.45 ,64.07 ,64.68,65.13,65.42,65.61,66.08,66.82
,387,72,Central Sulawesi  ,7202,Banggai ,,64.09 ,64.63 ,65.44 ,66.39 ,67.11 ,67.44 ,68.17 ,69.00 ,69.85,70.36,70.52,70.6,71.08,71.7
,388,72,Central Sulawesi  ,7203,Morowali ,,65.25 ,66.03 ,66.48 ,66.86 ,67.91 ,69.12 ,69.69 ,70.41 ,71.14,72.02,72.21,72.29,72.55,73.02
,389,72,Central Sulawesi  ,7204,Poso,,64.81 ,65.59 ,66.20 ,66.94 ,67.65 ,68.13 ,68.83 ,69.78 ,70.68,71.4,71.28,71.45,71.93,72.48
,390,72,Central Sulawesi  ,7205,Donggala,,59.73 ,60.15 ,61.33 ,63.38 ,63.55 ,63.82 ,64.42 ,64.66 ,65.14,65.49,65.56,65.72,66.25,66.95
,391,72,Central Sulawesi  ,7206,Toli-Toli,,58.18 ,59.12 ,60.05 ,61.44 ,61.91 ,62.72 ,63.27 ,64.05 ,64.6,65.42,65.69,66.3,66.76,67.66
,392,72,Central Sulawesi  ,7207,Buol,,62.21 ,63.03 ,63.98 ,64.50 ,65.41 ,65.61 ,66.37 ,66.69 ,67.3,67.69,67.82,68.25,68.72,69.57
,393,72,Central Sulawesi  ,7208,Parigi Moutong,,59.17 ,60.36 ,61.13 ,61.98 ,62.20 ,62.79 ,63.60 ,64.09 ,64.85,65.47,65.44,65.82,66.26,67.11
,394,72,Central Sulawesi  ,7209,Tojo Una-Una,,58.33 ,58.87 ,59.55 ,60.32 ,61.15 ,61.33 ,62.27 ,62.61 ,63.38,64.52,64.59,64.74,65.54,66.39
,395,72,Central Sulawesi  ,7210,Sigi,,60.81 ,61.76 ,62.88 ,64.10 ,64.64 ,65.35 ,65.95 ,66.72 ,67.66,68.16,68.12,68.49,69.05,69.93
,396,72,Central Sulawesi  ,7211,Banggai Laut,,-,-,-,61.86 ,62.12 ,62.90 ,63.49 ,64.08 ,64.8,65.27,65.43,65.65,66.22,66.93
,397,72,Central Sulawesi  ,7212,Morowali Utara,,-,-,-,65.01 ,65.81 ,66.00 ,66.57 ,67.35 ,67.95,68.45,68.36,68.48,68.97,69.73
,398,72,Central Sulawesi  ,7271,Palu City,,77.39 ,78.10 ,78.36 ,78.65 ,79.12 ,79.63 ,79.73 ,80.24 ,80.91,81.5,81.47,81.7,82.02,82.52
,399,73,South Sulawesi ,7301,Kepulauan Selayar,,62.15 ,62.53 ,62.87 ,63.16 ,63.66 ,64.32 ,64.95 ,65.39 ,66.04,66.91,67.38,67.76,68.35,69.2
,400,73,South Sulawesi ,7302,Bulukumba,,62.73 ,63.36 ,63.82 ,64.27 ,65.24 ,65.58 ,66.46 ,67.08 ,67.7,68.28,68.99,69.62,70.34,71.21
,401,73,South Sulawesi ,7303,Bantaeng,,62.46 ,63.07 ,63.99 ,64.88 ,65.77 ,66.20 ,66.59 ,67.27 ,67.76,68.3,68.73,68.99,69.69,70.57
,402,73,South Sulawesi ,7304,Jeneponto,,58.31 ,58.95 ,59.62 ,60.55 ,61.45 ,61.61 ,61.81 ,62.67 ,63.33,64,64.26,64.56,65.13,65.9
,403,73,South Sulawesi ,7305,Takalar,,60.23 ,60.83 ,61.66 ,62.58 ,63.53 ,64.07 ,64.96 ,65.48 ,66.07,66.94,67.31,67.72,68.31,68.9
,404,73,South Sulawesi ,7306,Gowa,,63.83 ,64.42 ,64.65 ,65.45 ,66.12 ,66.87 ,67.70 ,68.33 ,68.87,69.66,70.14,70.29,70.99,71.57
,405,73,South Sulawesi ,7307,Sinjai,,61.31 ,62.13 ,62.74 ,63.47 ,63.83 ,64.48 ,65.36 ,65.80 ,66.24,67.05,67.6,67.75,68.33,68.92
,406,73,South Sulawesi ,7308,Maros,,64.07 ,64.95 ,65.50 ,66.06 ,66.65 ,67.13 ,67.76 ,68.42 ,68.94,69.5,69.86,70.41,71,71.63
,407,73,South Sulawesi ,7309,Pangkajene Dan,,62.79 ,63.60 ,64.30 ,65.24 ,66.16 ,66.65 ,66.86 ,67.25 ,67.71,68.29,68.72,69.21,69.79,70.59
,408,73,South Sulawesi ,7310,Barru,,64.94 ,65.73 ,66.07 ,67.02 ,67.94 ,68.64 ,69.07 ,69.56 ,70.05,70.6,71,71.13,71.53,72.36
,409,73,South Sulawesi ,7311,Bone,,59.69 ,60.21 ,60.77 ,61.40 ,62.09 ,63.11 ,63.86 ,64.16 ,65.04,65.67,66.06,66.4,67.01,67.81
,410,73,South Sulawesi ,7312,Soppeng,,63.51 ,63.80 ,64.05 ,64.43 ,64.74 ,65.33 ,65.95 ,66.67 ,67.6,68.26,68.67,68.99,69.7,70.58
,411,73,South Sulawesi ,7313,Wajo,,63.07 ,64.00 ,64.88 ,65.79 ,66.49 ,66.90 ,67.52 ,68.18 ,68.57,69.05,69.15,69.62,70.26,71.1
,412,73,South Sulawesi ,7314,Sidenreng Rappang,,65.54 ,65.88 ,66.19 ,67.15 ,68.14 ,69.00 ,69.39 ,69.84 ,70.6,71.05,71.21,71.54,72.06,72.71
,413,73,South Sulawesi ,7315,Pinrang,,66.25 ,66.96 ,67.64 ,68.14 ,68.92 ,69.24 ,69.42 ,69.90 ,70.62,71.12,71.26,71.45,71.97,72.84
,414,73,South Sulawesi ,7316,Enrekang,41320,66.27 ,67.03 ,67.74 ,68.39 ,69.37 ,70.03 ,70.79 ,71.44 ,72.15,72.66,72.76,72.91,73.39,73.89
,415,73,South Sulawesi ,7317,Luwu,,63.95 ,64.71 ,65.43 ,66.39 ,67.34 ,68.11 ,68.71 ,69.02 ,69.6,70.39,70.51,70.85,71.36,72.16
,416,73,South Sulawesi ,7318,Tana Toraja,0,62.83 ,63.22 ,63.96 ,64.55 ,65.08 ,65.75 ,66.25 ,66.82 ,67.66,68.25,68.75,69.49,69.88,70.73
,417,73,South Sulawesi ,7322,Luwu Utara,,64.77 ,65.57 ,65.99 ,66.40 ,66.90 ,67.44 ,67.81 ,68.35 ,68.79,69.46,69.57,70.02,70.51,71.34
,418,73,South Sulawesi ,7325,Luwu Timur,,68.47 ,68.94 ,69.34 ,69.53 ,69.75 ,70.43 ,70.95 ,71.46 ,72.16,72.8,73.22,73.34,73.92,74.35
,419,73,South Sulawesi ,7326,North Toraja,41556,63.51 ,64.48 ,64.89 ,65.65 ,66.15 ,66.76 ,67.49 ,67.90 ,68.49,69.23,69.33,69.75,70.36,71.23
,420,73,South Sulawesi ,7371,Makassar City,,77.63 ,77.82 ,78.47 ,78.98 ,79.35 ,79.94 ,80.53 ,81.13 ,81.73,82.25,82.25,82.66,83.12,83.52
,421,73,South Sulawesi ,7372,Parepare City,,73.55 ,74.20 ,74.67 ,75.10 ,75.66 ,76.31 ,76.48 ,76.68 ,77.19,77.62,77.86,78.21,78.54,79.03
,422,73,South Sulawesi ,7373,Palopo City,,73.03 ,74.02 ,74.54 ,75.02 ,75.65 ,76.27 ,76.45 ,76.71 ,77.3,77.98,78.06,78.38,78.91,79.45
,423,74,South East Sulawesi ,7401,Buton,,59.44 ,60.12 ,61.38 ,61.83 ,62.31 ,62.78 ,63.69 ,64.47 ,65.08,65.67,65.98,66.32,67.23,68.12
,424,74,South East Sulawesi ,7402,Muna,,62.57 ,63.08 ,63.76 ,64.67 ,65.09 ,65.99 ,66.96 ,67.61 ,68.47,68.97,69.02,69.17,69.61,70.16
,425,74,South East Sulawesi ,7403,Konawe,,66.55 ,67.16 ,67.51 ,68.23 ,68.68 ,69.56 ,69.84 ,70.24 ,70.72,71.29,71.35,71.48,72.04,72.77
,426,74,South East Sulawesi ,7404,Kolaka,,67.76 ,68.27 ,68.86 ,69.55 ,70.20 ,70.47 ,71.12 ,71.46 ,72.07,73.01,73.45,73.56,73.98,74.72
,427,74,South East Sulawesi ,7405,Konawe Selatan,,63.20 ,63.65 ,64.05 ,65.02 ,65.60 ,66.32 ,66.97 ,67.23 ,67.51,67.88,68.2,68.58,69.36,70.32
,428,74,South East Sulawesi ,7406,Bombana,,59.85 ,60.84 ,61.82 ,62.82 ,63.38 ,63.65 ,64.02 ,64.49 ,65.04,65.65,66.05,66.25,66.81,67.43
,429,74,South East Sulawesi ,7407,Wakatobi,,63.26 ,64.67 ,65.24 ,66.50 ,66.95 ,67.22 ,67.50 ,67.99 ,68.52,68.99,69.48,69.87,70.85,71.43
,430,74,South East Sulawesi ,7408,Kolaka Utara,,63.17 ,63.98 ,64.49 ,65.35 ,65.76 ,66.90 ,67.60 ,67.77 ,68.44,68.91,69.31,69.5,70.39,71.04
,431,74,South East Sulawesi ,7409,Buton Utara,,60.94 ,61.58 ,62.69 ,64.20 ,64.65 ,65.23 ,65.95 ,66.40 ,67.13,67.68,67.87,68.08,69,69.7
,432,74,South East Sulawesi ,7410,Konawe Utara,,63.74 ,64.25 ,64.87 ,65.54 ,66.03 ,66.44 ,67.20 ,67.71 ,68.5,69.22,69.86,70.23,71.1,71.71
,433,74,South East Sulawesi ,7411,Kolaka Timur,,-,-,-,61.78 ,62.13 ,62.74 ,63.60 ,64.55 ,65.53,66.49,67.02,67.76,68.73,69.57
,434,74,South East Sulawesi ,7412,Konawe Kepulauan ,,-,-,-,61.15 ,61.31 ,61.72 ,62.56 ,63.44 ,64.36,65.05,65.41,65.73,66.69,67.32
,435,74,South East Sulawesi ,7413,Muna Barat,,-,-,-,-,61.92 ,62.29 ,62.57 ,63.43 ,64.11,64.45,65.08,65.48,66.21,67.13
,436,74,South East Sulawesi ,7414,Buton Tengah ,,-,-,-,-,61.69 ,62.13 ,62.56 ,62.82 ,63.46,64.06,64.37,64.55,65.29,65.83
,437,74,South East Sulawesi ,7415,Buton Selatan ,,-,-,-,-,61.51 ,62.00 ,62.55 ,63.20 ,63.47,64.37,64.93,64.99,65.44,66.15
,438,74,South East Sulawesi ,7471,Kendari City,,78.13 ,79.43 ,79.97 ,80.91 ,81.30 ,81.43 ,81.66 ,81.83 ,82.22,82.86,83.53,84.15,84.51,84.85
,439,74,South East Sulawesi ,7472,Baubau City,,70.60 ,71.11 ,71.65 ,72.55 ,73.13 ,73.59 ,73.99 ,74.14 ,74.67,75.21,75.9,76.26,76.67,77.52
,440,75,Gorontalo,7501,Boalemo,,59.92 ,60.52 ,61.11 ,61.71 ,62.18 ,62.86 ,63.42 ,64.22 ,64.99,65.53,65.91,66.42,67.27,68.18
,441,75,Gorontalo,7502,Gorontalo,,60.00 ,61.04 ,61.87 ,62.22 ,62.90 ,63.63 ,64.22 ,64.95 ,65.78,66.69,66.92,67.34,68.28,69.09
,442,75,Gorontalo,7503,Pohuwato,,59.11 ,59.85 ,60.48 ,61.38 ,61.74 ,62.50 ,63.17 ,63.88 ,64.44,65.27,65.37,65.8,66.53,67.15
,443,75,Gorontalo,7504,Bone Bolango,42858,64.00 ,64.44 ,65.13 ,65.82 ,66.03 ,66.83 ,67.48 ,68.11 ,69.06,69.63,69.98,70.25,70.9,71.51
,444,75,Gorontalo,7505,North Gorontalo ,,59.26 ,59.95 ,60.71 ,61.60 ,61.92 ,62.55 ,63.02 ,63.52 ,64.06,64.52,64.86,65.21,66.01,66.61
,445,75,Gorontalo,7571,Gorontalo City,,73.07 ,73.56 ,74.06 ,74.43 ,74.97 ,75.62 ,75.75 ,76.09 ,76.53,77.08,77.13,77.41,78.22,78.64
,446,76,West Sulawesi,7601,Majene,,61.67 ,62.56 ,63.06 ,63.32 ,63.74 ,64.40 ,64.80 ,65.40 ,66.01,66.59,66.91,67.29,67.84,68.62
,447,76,West Sulawesi,7602,Polewali Mandar,,57.44 ,58.26 ,58.62 ,59.27 ,60.09 ,60.87 ,61.51 ,62.35 ,63.14,63.74,63.84,64.23,64.79,65.59
,448,76,West Sulawesi,7603,Mamasa,,60.88 ,61.45 ,61.95 ,62.57 ,62.85 ,63.17 ,63.51 ,63.92 ,64.66,65.32,66.02,66.63,67.21,67.83
,449,76,West Sulawesi,7604,Mamuju,,61.65 ,62.28 ,63.24 ,64.17 ,64.71 ,65.09 ,65.65 ,66.32 ,67.11,67.72,68.15,68.32,68.88,69.61
,450,76,West Sulawesi,7605,North Mamuju ,,61.29 ,62.23 ,63.00 ,63.76 ,64.04 ,64.69 ,65.17 ,65.67 ,66.6,67.27,67.79,68.03,68.61,69.11
,451,76,West Sulawesi,7606,Central Mamuju,,-,-,-,61.05 ,61.48 ,62.22 ,62.89 ,63.64 ,64.43,65.1,65.71,66.18,66.89,67.45
,452,81,Maluku,8101,Maluku Tenggara Barat,,57.08 ,57.69 ,58.56 ,59.34 ,59.81 ,60.26 ,61.12 ,61.64 ,62.39,62.86,62.86,62.97,63.45,64.16
,453,81,Maluku,8102,Maluku Tenggara,,60.58 ,60.96 ,61.75 ,62.11 ,62.74 ,63.35 ,64.20 ,64.94 ,65.53,65.85,66.2,66.33,66.88,67.57
,454,81,Maluku,8103,Maluku Tengah,,66.12 ,66.64 ,67.30 ,67.89 ,68.69 ,68.85 ,69.54 ,70.09 ,70.6,71.25,71.25,71.32,71.81,72.45
,455,81,Maluku,8104,Buru,,61.60 ,62.50 ,63.50 ,64.31 ,65.15 ,65.75 ,66.63 ,67.61 ,68.25,68.91,68.95,69.33,69.94,70.56
,456,81,Maluku,8105,Kepulauan Aru,,58.22 ,58.60 ,59.17 ,59.62 ,59.91 ,60.50 ,61.32 ,62.13 ,63.12,63.64,63.71,63.83,64.21,65.01
,457,81,Maluku,8106,Seram Bagian Barat,,59.90 ,60.59 ,61.47 ,61.79 ,62.39 ,63.02 ,63.76 ,64.34 ,65.14,65.49,65.62,65.83,66.67,67.56
,458,81,Maluku,8107,Seram Bagian Timur,,57.88 ,58.07 ,58.47 ,58.88 ,59.50 ,60.27 ,61.15 ,62.06 ,62.98,63.74,64.12,64.3,65.05,65.82
,459,81,Maluku,8108,Maluku Barat Daya,,55.75 ,56.10 ,56.74 ,57.34 ,58.09 ,58.64 ,59.43 ,60.16 ,60.64,61.55,61.9,62.37,63.07,63.93
,460,81,Maluku,8109,Buru Selatan,,57.30 ,57.98 ,58.91 ,59.89 ,60.74 ,61.48 ,62.19 ,62.75 ,63.62,64.42,64.69,64.8,65.37,66.23
,461,81,Maluku,8171,Ambon City,,76.07 ,76.70 ,77.49 ,78.16 ,79.09 ,79.30 ,79.55 ,79.82 ,80.24,80.81,80.84,81.23,81.63,82.06
,462,81,Maluku,8172,Tual City,,61.70 ,62.69 ,63.56 ,64.16 ,64.95 ,65.20 ,65.64 ,66.25 ,67.21,67.74,67.96,68.16,68.6,69.43
,463,82,North Maluku ,8201,West Halmahera,,59.56 ,60.33 ,60.71 ,61.47 ,62.06 ,62.97 ,63.83 ,64.19 ,64.54,65.34,65.31,65.56,66.2,66.91
,464,82,North Maluku ,8202,Central Halmahera,,58.42 ,59.34 ,59.94 ,60.89 ,61.49 ,62.07 ,63.05 ,63.89 ,64.66,65.55,65.42,65.82,66.49,67.48
,465,82,North Maluku ,8203,Sula Islands,,57.06 ,57.98 ,58.83 ,59.77 ,60.18 ,60.50 ,61.25 ,62.04 ,62.96,63.64,63.53,63.8,64.7,65.29
,466,82,North Maluku ,8204,South Halmahera,,58.22 ,58.86 ,59.50 ,59.92 ,60.34 ,61.26 ,62.17 ,62.64 ,63.39,64.11,63.84,64.19,65.06,65.83
,467,82,North Maluku ,8205,North Halmahera,,61.46 ,62.31 ,62.94 ,63.81 ,64.18 ,65.04 ,66.02 ,66.52 ,67.3,67.75,67.5,67.82,68.38,69.05
,468,82,North Maluku ,8206,East Halmahera,,60.06 ,60.77 ,61.73 ,62.71 ,63.26 ,63.99 ,64.92 ,65.77 ,66.2,66.74,66.75,67,67.93,68.82
,469,82,North Maluku ,8207,Pulau Morotai,,-,56.63 ,57.16 ,57.97 ,58.34 ,59.27 ,59.87 ,60.71 ,61.39,62.38,62.5,62.9,63.8,64.73
,470,82,North Maluku ,8208,Pulau Taliabu,,-,-,-,56.86 ,57.31 ,58.26 ,58.66 ,59.03 ,59.67,60.62,60.48,60.73,61.64,62.31
,471,82,North Maluku ,8271,Ternate City,,74.86 ,75.52 ,75.81 ,76.69 ,77.15 ,77.64 ,77.80 ,78.48 ,79.13,80.03,79.82,80.14,80.81,81.35
,472,82,North Maluku ,8272,Tidore Islands City,,64.48 ,64.80 ,65.42 ,66.25 ,66.76 ,67.45 ,68.37 ,69.25 ,69.89,70.83,70.53,70.99,71.55,72.4
,473,91,West Papua ,9101,Fakfak,,60.95 ,61.94 ,62.56 ,64.29 ,64.73 ,64.92 ,65.55 ,66.09 ,66.99,67.87,68.36,68.52,69.12,69.72
,474,91,West Papua ,9102,Kaimana,,57.25 ,57.87 ,58.99 ,60.36 ,61.07 ,61.33 ,62.15 ,62.74 ,63.67,64.59,65,65.31,66.11,66.72
,475,91,West Papua ,9103,Teluk Wondama,,52.97 ,53.74 ,54.69 ,55.65 ,56.27 ,56.64 ,57.16 ,58.10 ,58.86,59.82,60.21,60.33,60.87,61.67
,476,91,West Papua ,9104,Teluk Bintuni,,56.99 ,57.87 ,58.84 ,59.73 ,60.40 ,61.09 ,61.81 ,62.39 ,63.13,64,64.55,64.65,65.27,66
,477,91,West Papua ,9105,Manokwari,,66.29 ,67.28 ,67.86 ,68.81 ,69.35 ,69.91 ,70.34 ,70.67 ,71.17,71.67,72.01,72.02,72.6,73.21
,478,91,West Papua ,9106,Sorong Selatan,,54.24 ,56.01 ,56.87 ,57.73 ,58.24 ,58.60 ,59.20 ,60.19 ,61.01,61.93,62.42,62.46,63.08,63.94
,479,91,West Papua ,9107,Sorong,,57.56 ,58.56 ,59.18 ,60.86 ,61.23 ,61.86 ,62.42 ,63.42 ,64.32,65.29,65.74,65.77,66.69,67.49
,480,91,West Papua ,9108,Raja Ampat,,57.36 ,58.37 ,59.06 ,60.36 ,60.86 ,61.23 ,61.95 ,62.35 ,62.84,63.66,63.89,63.92,64.65,65.26
,481,91,West Papua ,9109,Tambrauw,,-,45.97 ,47.18 ,48.69 ,49.40 ,49.77 ,50.35 ,51.01 ,51.95,52.9,53.45,53.71,54.63,55.55
,482,91,West Papua ,9110,Maybrat,,-,53.29 ,54.13 ,54.93 ,55.36 ,55.78 ,56.35 ,57.23 ,58.16,59.15,59.52,59.7,60.49,61.29
,483,91,West Papua ,9111,Manokwari Selatan,,-,-,-,54.95 ,55.32 ,56.59 ,57.12 ,58.08 ,58.84,59.72,59.84,59.85,60.68,61.55
,484,91,West Papua ,9112,Pegunungan Arfak,,-,-,-,53.36 ,53.69 ,53.73 ,53.89 ,54.39 ,55.31,56.15,56.33,56.13,57.01,57.82
,485,91,West Papua ,9171,Sorong City,,71.96 ,72.80 ,73.89 ,74.96 ,75.78 ,75.91 ,76.33 ,76.73 ,77.35,77.98,78.45,78.49,78.98,79.65
,486,94,Papua,9401,Merauke,,65.58 ,66.03 ,66.28 ,66.88 ,67.33 ,67.75 ,68.09 ,68.64 ,69.38,69.98,70.09,70.49,71.24,72.19
,487,94,Papua,9402,Jayawijaya,43700,50.79 ,51.66 ,52.27 ,52.94 ,53.37 ,54.18 ,54.96 ,55.99 ,56.82,57.79,58.03,58.67,59.6,60.5
,488,94,Papua,9403,Jayapura,,67.15 ,68.04 ,68.85 ,69.21 ,69.55 ,70.04 ,70.50 ,70.97 ,71.25,71.84,71.69,72.03,72.67,73.5
,489,94,Papua,9404,Nabire,,64.49 ,64.96 ,65.28 ,65.45 ,66.25 ,66.49 ,66.64 ,67.11 ,67.7,68.53,68.83,69.15,69.91,70.84
,490,94,Papua,9408,Kepulauan Yapen,,63.50 ,63.82 ,64.11 ,64.34 ,64.89 ,65.28 ,65.55 ,66.07 ,67,67.76,67.66,67.72,68.41,69.11
,491,94,Papua,9409,Biak Numfor,,68.22 ,68.80 ,69.05 ,69.35 ,70.32 ,70.85 ,71.13 ,71.56 ,71.96,72.57,72.19,72.33,72.85,73.46
,492,94,Papua,9410,Paniai,,52.57 ,53.02 ,53.34 ,53.70 ,53.93 ,54.20 ,54.34 ,54.91 ,55.83,56.58,56.31,56.7,57.14,57.91
,493,94,Papua,9411,Puncak Jaya,,38.83 ,40.36 ,41.85 ,43.36 ,44.32 ,44.87 ,45.49 ,46.57 ,47.39,48.33,48.37,48.99,49.84,50.81
,494,94,Papua,9412,Mimika,,67.96 ,68.74 ,68.95 ,69.50 ,70.40 ,70.89 ,71.64 ,72.42 ,73.15,74.13,74.19,74.48,75.08,75.91
,495,94,Papua,9413,Boven Digoel,,56.15 ,56.89 ,57.45 ,57.96 ,58.21 ,59.02 ,59.35 ,60.14 ,60.83,61.51,61.53,61.62,62.52,63.46
,496,94,Papua,9414,Mappi,,54.09 ,54.61 ,55.09 ,55.51 ,55.74 ,56.11 ,56.54 ,57.10 ,57.72,58.3,58.15,58.7,59.61,60.57
,497,94,Papua,9415,Asmat,,43.69 ,44.58 ,45.08 ,45.54 ,45.91 ,46.62 ,47.31 ,48.49 ,49.37,50.37,50.55,51.29,52.22,53.19
,498,94,Papua,9416,Yahukimo,0,40.63 ,41.72 ,43.82 ,45.63 ,46.36 ,46.63 ,47.13 ,47.95 ,48.51,49.25,49.37,49.48,50.25,51.19
,499,94,Papua,9417,Pegunungan Bintang,,35.45 ,36.61 ,37.82 ,38.94 ,39.68 ,40.91 ,41.90 ,43.24 ,44.22,45.21,45.44,46.28,47.21,48.18
,500,94,Papua,9418,Tolikara,0,43.44 ,44.41 ,44.86 ,45.68 ,46.16 ,46.38 ,47.11 ,47.89 ,48.85,49.68,49.5,49.6,50.51,51.48
,501,94,Papua,9419,Sarmi,,56.98 ,57.96 ,59.03 ,59.51 ,60.48 ,60.99 ,61.27 ,62.31 ,63,63.45,63.63,63.94,64.86,65.8
,502,94,Papua,9420,Keerom,,60.00 ,60.65 ,61.13 ,62.49 ,62.73 ,63.43 ,64.10 ,64.99 ,65.75,66.59,66.4,66.49,67.24,68.08
,503,94,Papua,9426,Waropen,,59.98 ,60.94 ,61.32 ,61.68 ,61.97 ,62.35 ,63.10 ,64.08 ,64.8,65.34,64.94,65.1,65.67,66.46
,504,94,Papua,9427,Supiori,,57.71 ,58.31 ,58.86 ,59.40 ,59.70 ,60.09 ,60.59 ,61.23 ,61.84,62.3,62.3,62.72,63.65,64.61
,505,94,Papua,9428,Mamberamo Raya,,44.89 ,45.82 ,46.62 ,47.28 ,47.88 ,48.29 ,49.00 ,50.25 ,51.24,52.2,51.78,52.18,53.1,54.08
,506,94,Papua,9429,Nduga,,19.62 ,21.12 ,23.07 ,24.42 ,25.38 ,25.47 ,26.56 ,27.87 ,29.42,30.75,31.55,32.84,34.1,35.19
,507,94,Papua,9430,Lanny Jaya,0,41.49 ,41.90 ,42.53 ,43.05 ,43.28 ,44.18 ,45.16 ,46.49 ,47.34,48,47.86,48.68,49.62,50.56
,508,94,Papua,9431,Mamberamo Tengah,0,39.37 ,40.17 ,41.39 ,42.43 ,43.19 ,43.55 ,44.15 ,45.50 ,46.41,47.23,47.57,48.32,49.25,50.22
,509,94,Papua,9432,Yalimo,,38.47 ,40.45 ,41.84 ,43.33 ,44.21 ,44.32 ,44.95 ,46.19 ,47.13,48.08,48.34,49.01,49.9,50.87
,510,94,Papua,9433,Puncak,,33.44 ,35.08 ,36.85 ,37.73 ,38.05 ,39.41 ,39.96 ,41.06 ,41.81,42.7,43.04,43.17,43.87,44.59
,511,94,Papua,9434,Dogiyai,,47.48 ,48.48 ,50.59 ,51.46 ,52.25 ,52.78 ,53.32 ,54.04 ,54.44,55.41,54.84,55,55.72,56.7
,512,94,Papua,9435,Intan Jaya,,-,40.07 ,41.89 ,42.69 ,43.51 ,44.35 ,44.82 ,45.68 ,46.55,47.51,47.79,48.34,49.25,50.19
,513,94,Papua,9436,Deiyai,,-,46.12 ,46.94 ,47.74 ,48.12 ,48.28 ,48.50 ,49.07 ,49.55,50.11,49.46,49.96,50.42,51.18
,514,94,Papua,9471,Jayapura City ,,76.69 ,76.97 ,77.25 ,77.46 ,77.86 ,78.05 ,78.56 ,79.23 ,79.58,80.16,79.94,80.11,80.61,81.14
,,,,,,,,,,,,,,,,,,,,
,,,,,,,,,,,,,,,,,,,,
